date,gold price,gold forecast,buy gold,inflation,safe haven
2015-01-01,85,42,74,40,14
2015-01-02,90,57,81,50,14
2015-01-03,78,35,84,44,15
2015-01-04,72,52,82,47,15
2015-01-05,80,46,75,68,11
2015-01-06,90,56,80,74,10
2015-01-07,78,55,69,77,10
2015-01-08,77,52,75,72,9
2015-01-09,80,48,70,66,10
2015-01-10,73,49,81,45,11
2015-01-11,63,67,79,52,13
2015-01-12,79,50,78,76,9
2015-01-13,78,41,64,87,9
2015-01-14,80,43,69,84,9
2015-01-15,86,41,71,81,10
2015-01-16,91,51,72,72,9
2015-01-17,86,59,81,49,12
2015-01-18,72,45,75,56,11
2015-01-19,89,66,74,74,10
2015-01-20,91,54,71,79,9
2015-01-21,96,50,73,93,8
2015-01-22,96,52,75,97,9
2015-01-23,87,100,73,83,11
2015-01-24,80,42,78,54,11
2015-01-25,71,56,89,62,12
2015-01-26,80,38,72,74,9
2015-01-27,88,37,73,78,10
2015-01-28,80,35,68,81,9
2015-01-29,81,30,67,79,8
2015-01-30,83,31,69,72,10
2015-01-31,81,38,79,53,12
2015-02-01,68,52,77,57,15
2015-02-02,77,47,61,74,10
2015-02-03,80,31,69,75,10
2015-02-04,82,35,64,78,8
2015-02-05,77,38,64,73,8
2015-02-06,81,37,74,68,10
2015-02-07,75,38,73,48,11
2015-02-08,67,33,79,58,12
2015-02-09,83,35,71,73,11
2015-02-10,77,42,63,78,9
2015-02-11,74,32,72,75,9
2015-02-12,77,31,69,88,8
2015-02-13,74,46,72,69,9
2015-02-14,70,25,74,48,17
2015-02-15,65,32,70,50,19
2015-02-16,74,35,71,71,12
2015-02-17,76,55,69,84,13
2015-02-18,82,78,75,75,9
2015-02-19,79,98,72,80,9
2015-02-20,80,72,68,63,10
2015-02-21,74,66,74,48,11
2015-02-22,65,41,78,58,15
2015-02-23,82,40,68,78,9
2015-02-24,75,37,64,78,10
2015-02-25,72,39,69,83,9
2015-02-26,73,27,73,81,25
2015-02-27,73,50,100,70,13
2015-02-28,78,40,90,52,13
2015-03-01,63,41,85,60,13
2015-03-02,74,35,74,82,9
2015-03-03,77,33,70,78,10
2015-03-04,78,28,70,81,8
2015-03-05,69,37,63,80,9
2015-03-06,84,34,77,71,11
2015-03-07,89,45,91,51,12
2015-03-08,74,33,81,60,12
2015-03-09,89,40,69,78,12
2015-03-10,92,45,73,78,8
2015-03-11,97,34,66,82,8
2015-03-12,93,40,63,76,8
2015-03-13,91,48,70,69,8
2015-03-14,88,27,80,49,10
2015-03-15,76,37,77,56,53
2015-03-16,88,35,66,76,13
2015-03-17,91,42,71,79,10
2015-03-18,88,41,65,88,9
2015-03-19,87,47,66,76,8
2015-03-20,83,33,71,61,9
2015-03-21,76,47,67,47,9
2015-03-22,69,42,78,57,11
2015-03-23,79,34,71,78,8
2015-03-24,72,31,66,91,8
2015-03-25,100,28,65,83,7
2015-03-26,76,36,65,74,8
2015-03-27,74,34,67,64,25
2015-03-28,75,35,68,47,11
2015-03-29,63,32,73,57,11
2015-03-30,86,41,70,74,21
2015-03-31,74,47,65,73,9
2015-04-01,77,56,70,69,9
2015-04-02,84,47,67,65,11
2015-04-03,74,50,81,54,11
2015-04-04,82,42,76,45,15
2015-04-05,67,31,61,50,11
2015-04-06,79,44,71,66,10
2015-04-07,70,41,68,73,9
2015-04-08,70,27,70,70,7
2015-04-09,72,25,65,72,9
2015-04-10,75,34,68,64,8
2015-04-11,69,25,72,50,9
2015-04-12,63,23,77,56,10
2015-04-13,74,34,71,81,8
2015-04-14,67,31,64,83,9
2015-04-15,67,27,65,84,8
2015-04-16,72,29,64,80,7
2015-04-17,72,26,67,75,8
2015-04-18,64,32,73,48,7
2015-04-19,61,43,73,61,11
2015-04-20,76,36,78,83,13
2015-04-21,93,29,84,79,10
2015-04-22,70,34,66,82,9
2015-04-23,66,31,62,79,10
2015-04-24,65,27,69,74,10
2015-04-25,64,44,75,47,29
2015-04-26,58,28,75,59,100
2015-04-27,67,23,68,77,23
2015-04-28,66,44,65,81,13
2015-04-29,64,44,62,78,9
2015-04-30,69,42,63,73,9
2015-05-01,72,56,66,60,11
2015-05-02,65,32,64,48,11
2015-05-03,57,23,71,55,9
2015-05-04,68,26,72,76,9
2015-05-05,63,21,67,75,8
2015-05-06,67,29,61,77,7
2015-05-07,67,25,63,76,7
2015-05-08,68,22,69,67,8
2015-05-09,64,16,75,49,10
2015-05-10,58,16,70,56,9
2015-05-11,63,15,61,76,7
2015-05-12,64,24,63,78,8
2015-05-13,63,40,69,80,7
2015-05-14,66,37,72,76,8
2015-05-15,67,35,69,62,8
2015-05-16,69,33,67,51,8
2015-05-17,57,34,79,55,8
2015-05-18,66,39,64,71,8
2015-05-19,66,30,67,100,9
2015-05-20,66,28,63,74,7
2015-05-21,62,37,63,67,8
2015-05-22,65,26,58,61,7
2015-05-23,63,23,75,45,8
2015-05-24,54,22,70,50,8
2015-05-25,66,25,67,54,8
2015-05-26,63,33,65,65,6
2015-05-27,63,23,63,65,8
2015-05-28,61,20,63,62,7
2015-05-29,64,31,58,53,8
2015-05-30,60,19,77,47,9
2015-05-31,52,31,72,49,8
2015-06-01,64,35,62,62,7
2015-06-02,61,26,66,66,8
2015-06-03,68,24,62,65,7
2015-06-04,62,28,65,62,9
2015-06-05,85,37,67,56,8
2015-06-06,72,27,71,45,8
2015-06-07,63,28,70,50,9
2015-06-08,68,35,66,62,7
2015-06-09,69,31,64,60,7
2015-06-10,64,32,65,60,7
2015-06-11,64,43,60,59,8
2015-06-12,66,31,65,59,8
2015-06-13,60,42,71,44,9
2015-06-14,56,37,69,53,9
2015-06-15,65,38,68,64,7
2015-06-16,69,33,65,67,8
2015-06-17,65,34,69,61,7
2015-06-18,65,34,57,60,7
2015-06-19,67,35,67,50,7
2015-06-20,63,23,72,44,8
2015-06-21,57,36,76,49,9
2015-06-22,67,35,66,54,9
2015-06-23,65,36,68,58,7
2015-06-24,71,42,71,61,8
2015-06-25,69,36,66,54,7
2015-06-26,74,38,67,49,7
2015-06-27,68,33,68,40,9
2015-06-28,65,39,80,43,10
2015-06-29,85,44,74,58,8
2015-06-30,74,33,68,53,7
2015-07-01,29,37,60,64,8
2015-07-02,30,52,60,61,8
2015-07-03,31,39,65,55,9
2015-07-04,31,44,66,45,9
2015-07-05,28,32,67,51,15
2015-07-06,35,37,65,66,10
2015-07-07,33,44,69,67,10
2015-07-08,38,45,75,67,11
2015-07-09,37,53,65,64,9
2015-07-10,32,53,63,56,9
2015-07-11,31,34,71,45,10
2015-07-12,29,43,75,49,11
2015-07-13,32,44,62,66,10
2015-07-14,33,46,64,70,10
2015-07-15,32,45,64,64,9
2015-07-16,33,47,70,60,9
2015-07-17,39,56,64,60,9
2015-07-18,36,48,72,50,12
2015-07-19,34,47,78,52,24
2015-07-20,99,84,100,62,14
2015-07-21,100,77,97,65,10
2015-07-22,93,100,95,67,10
2015-07-23,86,79,80,64,9
2015-07-24,84,80,90,59,9
2015-07-25,80,66,85,51,24
2015-07-26,60,57,85,52,12
2015-07-27,81,58,82,63,10
2015-07-28,70,52,75,62,10
2015-07-29,68,53,73,63,10
2015-07-30,64,46,75,63,8
2015-07-31,72,63,68,57,9
2015-08-01,60,35,72,47,9
2015-08-02,46,63,74,53,10
2015-08-03,67,66,69,63,10
2015-08-04,66,53,70,65,9
2015-08-05,59,41,70,67,9
2015-08-06,63,47,68,67,8
2015-08-07,60,39,63,58,9
2015-08-08,51,44,75,50,10
2015-08-09,44,53,73,52,10
2015-08-10,55,56,65,66,10
2015-08-11,56,40,71,67,8
2015-08-12,65,55,73,71,9
2015-08-13,56,47,68,66,8
2015-08-14,52,46,63,60,9
2015-08-15,41,18,70,51,9
2015-08-16,40,48,68,51,11
2015-08-17,46,34,64,67,9
2015-08-18,42,43,68,69,10
2015-08-19,41,42,62,70,10
2015-08-20,48,53,64,69,9
2015-08-21,61,64,70,60,9
2015-08-22,47,54,74,50,10
2015-08-23,38,58,73,53,100
2015-08-24,83,68,83,69,20
2015-08-25,70,61,76,71,12
2015-08-26,55,62,66,66,11
2015-08-27,49,55,62,67,9
2015-08-28,40,36,62,62,9
2015-08-29,37,45,70,51,9
2015-08-30,34,42,68,57,13
2015-08-31,42,37,66,70,8
2015-09-01,41,45,60,80,10
2015-09-02,38,51,59,75,8
2015-09-03,35,40,61,71,10
2015-09-04,37,34,63,67,10
2015-09-05,35,29,66,61,16
2015-09-06,31,36,63,58,31
2015-09-07,33,35,62,68,10
2015-09-08,35,31,64,76,8
2015-09-09,36,44,64,77,8
2015-09-10,37,44,61,75,8
2015-09-11,38,45,64,70,9
2015-09-12,36,32,67,51,8
2015-09-13,31,32,67,62,17
2015-09-14,34,45,60,82,9
2015-09-15,35,37,66,88,8
2015-09-16,33,56,62,80,9
2015-09-17,31,63,58,88,7
2015-09-18,35,69,68,74,11
2015-09-19,30,43,67,51,8
2015-09-20,30,37,66,62,9
2015-09-21,32,44,58,82,7
2015-09-22,33,48,57,79,7
2015-09-23,32,41,61,73,7
2015-09-24,30,37,56,77,8
2015-09-25,32,49,61,72,7
2015-09-26,31,44,70,52,10
2015-09-27,28,48,69,59,9
2015-09-28,35,47,62,79,9
2015-09-29,33,45,59,86,8
2015-09-30,34,30,60,88,8
2015-10-01,33,38,57,79,7
2015-10-02,35,40,60,65,8
2015-10-03,37,28,70,54,14
2015-10-04,31,49,61,65,9
2015-10-05,34,40,56,81,8
2015-10-06,34,34,60,86,8
2015-10-07,33,46,57,86,8
2015-10-08,32,39,59,80,7
2015-10-09,31,43,51,71,8
2015-10-10,32,43,57,48,16
2015-10-11,28,29,64,63,28
2015-10-12,34,45,60,81,8
2015-10-13,32,53,60,90,9
2015-10-14,32,25,56,86,8
2015-10-15,35,37,60,85,7
2015-10-16,32,29,61,72,8
2015-10-17,34,32,71,52,19
2015-10-18,29,31,67,61,9
2015-10-19,30,29,61,84,9
2015-10-20,33,35,55,81,8
2015-10-21,29,36,60,83,7
2015-10-22,29,43,61,85,8
2015-10-23,30,52,59,70,8
2015-10-24,30,28,61,50,10
2015-10-25,27,47,70,62,8
2015-10-26,29,43,60,83,8
2015-10-27,30,51,61,87,7
2015-10-28,31,47,58,84,8
2015-10-29,31,44,57,83,7
2015-10-30,32,45,62,72,8
2015-10-31,30,27,64,53,6
2015-11-01,27,39,67,59,7
2015-11-02,33,39,59,85,7
2015-11-03,34,55,62,86,8
2015-11-04,34,40,62,87,7
2015-11-05,38,49,67,83,7
2015-11-06,41,44,71,76,7
2015-11-07,37,50,79,54,8
2015-11-08,37,54,76,61,8
2015-11-09,60,34,94,85,8
2015-11-10,37,28,70,88,7
2015-11-11,33,39,64,83,7
2015-11-12,36,45,61,89,8
2015-11-13,39,70,72,80,7
2015-11-14,33,52,70,50,14
2015-11-15,30,46,70,62,8
2015-11-16,36,49,65,88,9
2015-11-17,35,34,68,89,7
2015-11-18,42,45,68,91,7
2015-11-19,43,44,69,91,7
2015-11-20,37,37,64,76,7
2015-11-21,34,35,71,58,7
2015-11-22,31,42,74,65,9
2015-11-23,39,32,67,84,8
2015-11-24,37,42,62,82,7
2015-11-25,33,33,65,74,10
2015-11-26,31,31,64,68,28
2015-11-27,37,41,87,61,10
2015-11-28,41,48,88,57,10
2015-11-29,32,45,77,63,11
2015-11-30,39,53,74,83,8
2015-12-01,40,49,69,90,8
2015-12-02,36,36,71,93,8
2015-12-03,41,38,63,92,8
2015-12-04,39,44,63,80,9
2015-12-05,37,38,68,57,9
2015-12-06,30,32,70,70,10
2015-12-07,37,35,65,96,8
2015-12-08,37,50,67,92,8
2015-12-09,36,39,68,100,8
2015-12-10,33,42,64,93,6
2015-12-11,35,55,67,77,8
2015-12-12,33,44,69,59,8
2015-12-13,29,33,73,65,9
2015-12-14,36,47,73,98,8
2015-12-15,36,45,74,95,7
2015-12-16,39,45,75,97,8
2015-12-17,40,55,76,88,7
2015-12-18,42,56,78,67,7
2015-12-19,40,50,84,51,9
2015-12-20,34,54,84,56,47
2015-12-21,43,57,79,66,15
2015-12-22,36,57,74,64,12
2015-12-23,35,42,79,55,11
2015-12-24,40,51,73,49,9
2015-12-25,35,54,78,53,8
2015-12-26,32,62,85,50,10
2015-12-27,30,74,83,50,10
2015-12-28,34,46,73,58,20
2015-12-29,29,70,78,63,27
2015-12-30,29,57,83,63,26
2015-12-31,29,51,71,58,20
2016-01-01,27,36,71,52,25
2016-01-02,27,58,84,53,23
2016-01-03,24,58,77,56,25
2016-01-04,30,68,65,75,21
2016-01-05,29,100,64,80,23
2016-01-06,29,50,65,80,19
2016-01-07,37,49,72,82,18
2016-01-08,31,47,66,75,23
2016-01-09,28,36,74,58,25
2016-01-10,24,41,72,64,22
2016-01-11,29,44,66,83,17
2016-01-12,28,55,62,86,16
2016-01-13,29,46,65,92,19
2016-01-14,30,46,66,82,18
2016-01-15,28,67,67,76,19
2016-01-16,28,57,72,57,22
2016-01-17,25,53,75,63,22
2016-01-18,29,40,70,82,19
2016-01-19,28,43,62,92,17
2016-01-20,33,58,69,94,19
2016-01-21,30,69,66,85,16
2016-01-22,29,65,62,81,22
2016-01-23,26,64,67,56,23
2016-01-24,23,44,67,68,22
2016-01-25,26,55,66,83,17
2016-01-26,30,49,61,91,17
2016-01-27,30,57,64,86,18
2016-01-28,28,56,65,88,17
2016-01-29,27,72,65,79,20
2016-01-30,25,60,67,58,20
2016-01-31,22,50,66,65,20
2016-02-01,27,58,63,86,23
2016-02-02,26,31,61,86,20
2016-02-03,27,44,62,90,20
2016-02-04,30,50,64,91,21
2016-02-05,30,61,68,81,22
2016-02-06,31,52,77,58,22
2016-02-07,25,44,74,65,23
2016-02-08,35,58,70,86,18
2016-02-09,37,56,70,85,20
2016-02-10,36,35,68,95,17
2016-02-11,55,73,82,97,20
2016-02-12,55,60,79,79,21
2016-02-13,33,65,77,58,34
2016-02-14,28,47,70,62,74
2016-02-15,41,51,70,84,26
2016-02-16,40,50,66,90,23
2016-02-17,35,42,62,91,19
2016-02-18,34,45,65,94,18
2016-02-19,33,51,68,85,18
2016-02-20,27,49,64,65,21
2016-02-21,26,45,72,75,24
2016-02-22,31,38,64,98,17
2016-02-23,30,35,65,95,16
2016-02-24,33,45,67,93,18
2016-02-25,32,39,62,92,20
2016-02-26,30,43,62,85,16
2016-02-27,27,33,70,61,21
2016-02-28,23,38,67,72,67
2016-02-29,32,42,65,97,23
2016-03-01,34,60,67,99,18
2016-03-02,30,44,60,97,20
2016-03-03,31,47,67,91,19
2016-03-04,34,52,65,83,19
2016-03-05,26,52,69,56,21
2016-03-06,24,50,72,71,19
2016-03-07,32,52,72,94,17
2016-03-08,33,55,66,92,16
2016-03-09,31,35,62,93,16
2016-03-10,32,38,63,100,17
2016-03-11,31,38,59,85,18
2016-03-12,27,55,68,62,43
2016-03-13,23,45,71,70,24
2016-03-14,29,43,62,94,19
2016-03-15,32,27,63,95,16
2016-03-16,29,40,59,97,16
2016-03-17,31,46,61,93,19
2016-03-18,29,48,63,72,19
2016-03-19,25,37,66,57,19
2016-03-20,23,44,68,62,18
2016-03-21,28,42,67,88,18
2016-03-22,29,40,62,90,18
2016-03-23,26,39,59,84,18
2016-03-24,32,49,60,80,19
2016-03-25,27,37,67,62,21
2016-03-26,26,56,72,56,21
2016-03-27,24,41,68,68,20
2016-03-28,28,40,67,82,21
2016-03-29,28,39,59,89,17
2016-03-30,27,47,62,92,15
2016-03-31,27,40,63,89,16
2016-04-01,30,34,62,76,20
2016-04-02,25,30,73,54,61
2016-04-03,23,45,73,69,28
2016-04-04,27,36,59,93,20
2016-04-05,26,33,64,100,19
2016-04-06,27,45,64,97,17
2016-04-07,27,37,65,93,19
2016-04-08,29,34,70,83,28
2016-04-09,25,23,72,63,20
2016-04-10,22,55,71,74,20
2016-04-11,29,45,63,94,17
2016-04-12,27,35,59,100,16
2016-04-13,28,45,64,96,17
2016-04-14,28,46,63,97,18
2016-04-15,28,33,63,87,18
2016-04-16,24,30,68,65,26
2016-04-17,23,40,68,75,50
2016-04-18,27,30,63,99,19
2016-04-19,28,39,65,93,16
2016-04-20,27,47,64,96,18
2016-04-21,27,37,60,95,15
2016-04-22,27,38,62,82,18
2016-04-23,25,27,70,62,18
2016-04-24,21,56,69,72,20
2016-04-25,27,36,62,98,18
2016-04-26,25,36,61,95,16
2016-04-27,26,35,60,99,16
2016-04-28,27,51,62,97,19
2016-04-29,29,51,64,83,17
2016-04-30,27,60,67,66,19
2016-05-01,25,64,62,76,19
2016-05-02,33,40,66,95,24
2016-05-03,31,35,63,96,19
2016-05-04,32,43,67,96,19
2016-05-05,32,39,68,91,22
2016-05-06,28,44,64,79,38
2016-05-07,27,36,66,59,20
2016-05-08,25,37,70,68,19
2016-05-09,39,45,79,97,19
2016-05-10,29,42,64,92,29
2016-05-11,28,45,63,94,18
2016-05-12,28,33,63,92,17
2016-05-13,28,34,61,77,18
2016-05-14,23,24,65,57,35
2016-05-15,25,31,67,67,52
2016-05-16,25,35,67,88,20
2016-05-17,31,38,67,95,21
2016-05-18,27,35,66,89,18
2016-05-19,27,28,61,86,19
2016-05-20,25,45,64,71,21
2016-05-21,24,28,72,60,21
2016-05-22,22,31,69,73,23
2016-05-23,24,45,61,79,18
2016-05-24,27,38,60,86,16
2016-05-25,26,36,60,80,17
2016-05-26,29,37,65,82,15
2016-05-27,28,35,61,69,15
2016-05-28,25,30,68,55,19
2016-05-29,23,28,62,60,18
2016-05-30,28,53,62,70,15
2016-05-31,28,40,63,75,18
2016-06-01,28,48,64,75,16
2016-06-02,26,81,62,77,14
2016-06-03,30,87,63,64,19
2016-06-04,26,93,69,55,19
2016-06-05,23,37,66,59,29
2016-06-06,29,47,68,72,20
2016-06-07,26,36,70,75,17
2016-06-08,27,38,65,74,17
2016-06-09,27,42,67,75,28
2016-06-10,30,35,68,65,22
2016-06-11,26,41,73,53,100
2016-06-12,23,61,68,58,29
2016-06-13,30,44,63,68,23
2016-06-14,29,51,68,74,19
2016-06-15,28,55,65,73,18
2016-06-16,35,56,62,72,20
2016-06-17,33,57,70,63,19
2016-06-18,26,54,68,53,20
2016-06-19,25,66,69,59,28
2016-06-20,31,54,61,73,19
2016-06-21,28,54,64,74,21
2016-06-22,26,56,67,74,17
2016-06-23,30,52,64,68,15
2016-06-24,100,79,100,69,23
2016-06-25,51,79,77,53,22
2016-06-26,35,68,74,56,24
2016-06-27,39,82,78,52,60
2016-06-28,31,67,70,52,55
2016-06-29,25,63,63,53,58
2016-06-30,24,62,67,52,50
2016-07-01,24,65,65,43,45
2016-07-02,21,59,69,38,46
2016-07-03,19,46,71,42,58
2016-07-04,24,67,66,48,48
2016-07-05,26,66,66,50,54
2016-07-06,28,58,68,51,48
2016-07-07,26,59,72,52,55
2016-07-08,25,61,62,44,49
2016-07-09,21,59,76,37,55
2016-07-10,18,58,69,39,58
2016-07-11,24,63,69,49,71
2016-07-12,23,48,66,50,51
2016-07-13,23,57,63,53,43
2016-07-14,21,72,58,52,47
2016-07-15,21,61,61,48,48
2016-07-16,18,50,74,39,53
2016-07-17,18,37,72,42,49
2016-07-18,20,42,67,49,49
2016-07-19,21,45,67,56,48
2016-07-20,21,59,60,52,45
2016-07-21,20,59,64,51,44
2016-07-22,22,32,63,43,48
2016-07-23,18,57,69,40,45
2016-07-24,16,36,75,43,48
2016-07-25,20,32,63,48,50
2016-07-26,19,47,66,53,41
2016-07-27,18,54,64,62,40
2016-07-28,22,51,65,55,45
2016-07-29,22,46,67,53,51
2016-07-30,18,44,67,41,46
2016-07-31,17,49,74,45,51
2016-08-01,21,51,65,52,50
2016-08-02,21,53,69,53,42
2016-08-03,22,68,73,53,47
2016-08-04,22,65,69,56,41
2016-08-05,21,47,66,51,44
2016-08-06,19,49,65,39,46
2016-08-07,16,54,70,41,51
2016-08-08,19,43,69,49,43
2016-08-09,19,37,66,53,47
2016-08-10,20,55,64,52,41
2016-08-11,20,50,71,49,41
2016-08-12,21,65,70,43,44
2016-08-13,20,45,72,38,83
2016-08-14,16,54,77,40,93
2016-08-15,21,39,67,51,52
2016-08-16,20,56,66,62,42
2016-08-17,19,42,66,50,37
2016-08-18,18,54,60,51,42
2016-08-19,19,45,63,47,42
2016-08-20,18,49,70,40,45
2016-08-21,18,56,66,40,60
2016-08-22,18,54,63,55,46
2016-08-23,19,59,62,58,42
2016-08-24,19,58,63,55,45
2016-08-25,19,62,66,53,46
2016-08-26,22,60,64,54,45
2016-08-27,18,52,75,41,41
2016-08-28,16,46,66,45,50
2016-08-29,18,42,63,52,47
2016-08-30,19,44,64,59,44
2016-08-31,19,68,59,58,37
2016-09-01,19,76,66,54,42
2016-09-02,21,65,64,51,46
2016-09-03,18,50,68,39,39
2016-09-04,16,43,71,45,53
2016-09-05,18,41,65,53,64
2016-09-06,20,52,69,60,47
2016-09-07,20,62,62,64,56
2016-09-08,20,63,63,59,73
2016-09-09,20,60,67,53,58
2016-09-10,18,46,75,41,55
2016-09-11,16,50,69,45,58
2016-09-12,18,48,68,63,53
2016-09-13,20,59,61,63,60
2016-09-14,19,54,61,65,48
2016-09-15,19,64,63,63,51
2016-09-16,19,68,71,58,56
2016-09-17,16,57,78,46,58
2016-09-18,17,58,72,52,63
2016-09-19,19,54,61,66,54
2016-09-20,18,57,58,68,48
2016-09-21,19,49,67,67,55
2016-09-22,20,42,61,70,54
2016-09-23,19,40,64,55,48
2016-09-24,17,54,61,45,53
2016-09-25,16,38,68,51,67
2016-09-26,19,49,67,68,52
2016-09-27,19,42,65,73,44
2016-09-28,18,54,66,65,44
2016-09-29,20,67,61,67,47
2016-09-30,19,43,63,59,49
2016-10-01,16,47,66,44,54
2016-10-02,17,46,69,51,51
2016-10-03,21,56,64,66,100
2016-10-04,23,58,69,72,55
2016-10-05,28,56,61,72,53
2016-10-06,29,67,62,69,45
2016-10-07,29,59,59,60,39
2016-10-08,23,69,73,45,47
2016-10-09,21,39,65,50,51
2016-10-10,21,40,63,65,42
2016-10-11,23,49,67,71,40
2016-10-12,24,57,68,72,44
2016-10-13,25,56,65,72,42
2016-10-14,22,54,61,67,41
2016-10-15,23,59,76,47,42
2016-10-16,20,54,71,54,43
2016-10-17,22,60,64,73,36
2016-10-18,22,48,65,97,49
2016-10-19,21,58,68,76,45
2016-10-20,20,32,67,70,40
2016-10-21,20,49,58,62,44
2016-10-22,20,44,74,45,45
2016-10-23,19,47,74,53,47
2016-10-24,22,39,66,72,41
2016-10-25,22,49,71,74,39
2016-10-26,21,44,64,74,35
2016-10-27,23,58,70,74,38
2016-10-28,33,45,89,62,37
2016-10-29,21,39,71,43,42
2016-10-30,16,49,65,51,58
2016-10-31,18,32,59,68,49
2016-11-01,20,35,63,70,44
2016-11-02,24,35,66,83,51
2016-11-03,22,41,62,79,55
2016-11-04,20,40,63,64,55
2016-11-05,19,44,70,48,69
2016-11-06,18,44,71,55,63
2016-11-07,21,28,64,75,49
2016-11-08,22,61,64,73,51
2016-11-09,100,100,97,71,50
2016-11-10,55,70,78,83,46
2016-11-11,44,90,74,71,59
2016-11-12,34,76,77,56,66
2016-11-13,25,65,81,62,55
2016-11-14,34,64,70,91,56
2016-11-15,32,51,71,92,53
2016-11-16,28,47,71,80,71
2016-11-17,26,56,68,88,50
2016-11-18,29,55,68,73,55
2016-11-19,23,51,75,52,64
2016-11-20,20,53,77,56,51
2016-11-21,25,51,69,77,44
2016-11-22,25,53,75,76,44
2016-11-23,27,53,72,75,40
2016-11-24,28,62,75,65,43
2016-11-25,31,63,100,54,55
2016-11-26,25,60,80,42,53
2016-11-27,22,57,85,58,51
2016-11-28,28,47,88,73,51
2016-11-29,27,53,76,82,48
2016-11-30,28,61,76,100,46
2016-12-01,34,73,75,79,45
2016-12-02,33,68,76,72,55
2016-12-03,25,61,80,52,43
2016-12-04,23,53,78,63,52
2016-12-05,29,78,67,78,40
2016-12-06,27,63,79,85,42
2016-12-07,29,62,72,78,44
2016-12-08,29,61,70,80,47
2016-12-09,28,49,71,69,46
2016-12-10,25,56,72,52,46
2016-12-11,23,34,75,55,51
2016-12-12,27,44,73,75,63
2016-12-13,27,43,74,85,35
2016-12-14,29,48,75,81,43
2016-12-15,36,66,72,77,40
2016-12-16,37,69,80,67,50
2016-12-17,28,71,82,44,46
2016-12-18,24,67,88,52,47
2016-12-19,30,66,78,60,44
2016-12-20,33,61,80,61,43
2016-12-21,32,59,80,55,64
2016-12-22,29,55,81,50,58
2016-12-23,28,43,77,44,46
2016-12-24,23,41,78,36,43
2016-12-25,75,33,88,46,21
2016-12-26,98,38,100,45,25
2016-12-27,98,39,89,47,25
2016-12-28,99,35,94,53,28
2016-12-29,100,41,92,48,52
2016-12-30,94,46,86,51,76
2016-12-31,77,35,84,43,29
2017-01-01,72,55,87,45,31
2017-01-02,83,48,89,54,30
2017-01-03,100,44,82,74,29
2017-01-04,88,35,78,78,27
2017-01-05,94,50,78,77,38
2017-01-06,85,37,81,68,30
2017-01-07,68,33,82,47,30
2017-01-08,66,27,86,59,29
2017-01-09,81,35,78,77,26
2017-01-10,80,35,66,76,19
2017-01-11,76,30,68,81,23
2017-01-12,90,42,76,78,21
2017-01-13,75,34,75,73,24
2017-01-14,63,41,81,54,25
2017-01-15,57,39,86,64,27
2017-01-16,80,35,77,74,25
2017-01-17,86,40,77,97,22
2017-01-18,79,47,72,89,24
2017-01-19,74,34,73,85,21
2017-01-20,74,29,60,73,24
2017-01-21,62,39,82,53,25
2017-01-22,58,28,77,63,24
2017-01-23,75,27,70,81,24
2017-01-24,71,28,74,82,22
2017-01-25,74,24,74,83,21
2017-01-26,68,26,76,80,24
2017-01-27,73,39,80,74,24
2017-01-28,64,21,83,55,30
2017-01-29,56,18,79,59,31
2017-01-30,72,25,72,85,22
2017-01-31,78,26,79,86,24
2017-02-01,76,22,78,88,24
2017-02-02,77,23,74,86,24
2017-02-03,73,26,73,72,21
2017-02-04,65,21,77,55,28
2017-02-05,58,21,75,65,29
2017-02-06,69,29,68,81,59
2017-02-07,78,39,79,90,26
2017-02-08,75,35,70,86,24
2017-02-09,74,34,80,83,20
2017-02-10,77,31,72,77,24
2017-02-11,63,31,82,56,70
2017-02-12,59,39,82,63,45
2017-02-13,66,28,74,86,81
2017-02-14,65,26,66,92,30
2017-02-15,68,33,70,85,25
2017-02-16,68,23,69,88,25
2017-02-17,67,21,67,76,24
2017-02-18,65,22,78,56,64
2017-02-19,52,26,77,62,48
2017-02-20,64,26,69,80,29
2017-02-21,68,23,68,97,25
2017-02-22,64,23,66,92,22
2017-02-23,66,25,71,85,23
2017-02-24,71,25,72,76,24
2017-02-25,61,33,74,56,25
2017-02-26,54,34,79,69,23
2017-02-27,63,37,74,90,24
2017-02-28,67,33,70,93,23
2017-03-01,66,28,70,91,21
2017-03-02,69,29,77,93,22
2017-03-03,66,33,70,85,45
2017-03-04,57,22,74,62,45
2017-03-05,55,28,84,68,70
2017-03-06,64,28,70,89,51
2017-03-07,64,26,74,94,43
2017-03-08,63,31,65,93,49
2017-03-09,66,26,68,98,37
2017-03-10,75,34,66,77,41
2017-03-11,62,22,70,57,49
2017-03-12,54,36,76,65,84
2017-03-13,66,43,68,86,47
2017-03-14,73,54,69,94,42
2017-03-15,81,51,72,94,35
2017-03-16,81,44,72,86,32
2017-03-17,74,46,67,72,30
2017-03-18,61,40,73,59,39
2017-03-19,55,43,77,69,40
2017-03-20,66,55,73,89,32
2017-03-21,65,36,62,100,29
2017-03-22,68,34,66,93,28
2017-03-23,65,33,68,97,29
2017-03-24,60,43,64,79,29
2017-03-25,57,30,79,58,33
2017-03-26,52,27,71,69,40
2017-03-27,66,42,71,89,32
2017-03-28,67,39,67,95,30
2017-03-29,63,73,64,91,27
2017-03-30,61,100,65,92,30
2017-03-31,65,31,69,80,33
2017-04-01,58,29,74,55,33
2017-04-02,52,32,72,69,31
2017-04-03,58,30,67,88,29
2017-04-04,57,31,65,91,26
2017-04-05,57,25,68,84,27
2017-04-06,62,32,70,95,24
2017-04-07,69,35,64,74,25
2017-04-08,57,18,70,56,39
2017-04-09,54,27,72,64,60
2017-04-10,61,31,69,86,28
2017-04-11,65,37,69,88,28
2017-04-12,70,32,70,87,28
2017-04-13,71,32,70,80,27
2017-04-14,72,29,73,62,27
2017-04-15,55,25,73,53,29
2017-04-16,56,23,76,59,29
2017-04-17,65,22,69,81,28
2017-04-18,61,22,68,90,26
2017-04-19,66,28,69,90,24
2017-04-20,62,27,68,92,26
2017-04-21,60,24,69,80,22
2017-04-22,53,25,70,60,26
2017-04-23,51,21,75,70,28
2017-04-24,62,24,68,98,27
2017-04-25,69,23,68,96,26
2017-04-26,57,27,70,91,22
2017-04-27,62,24,70,99,24
2017-04-28,73,26,88,83,24
2017-04-29,59,20,77,59,48
2017-04-30,50,21,74,66,56
2017-05-01,60,25,75,91,31
2017-05-02,56,18,71,90,23
2017-05-03,58,28,68,92,22
2017-05-04,60,34,70,90,30
2017-05-05,59,19,68,83,26
2017-05-06,61,20,69,58,33
2017-05-07,56,32,74,68,32
2017-05-08,66,39,70,87,26
2017-05-09,64,28,76,97,25
2017-05-10,63,31,66,92,24
2017-05-11,60,30,70,88,23
2017-05-12,60,32,64,79,24
2017-05-13,61,23,75,58,27
2017-05-14,55,29,73,66,25
2017-05-15,60,23,74,84,40
2017-05-16,60,34,68,96,23
2017-05-17,64,44,69,86,22
2017-05-18,63,42,64,78,25
2017-05-19,59,34,58,67,22
2017-05-20,57,22,71,52,26
2017-05-21,49,20,67,58,26
2017-05-22,60,22,66,79,28
2017-05-23,59,21,70,75,24
2017-05-24,57,21,67,72,26
2017-05-25,59,15,69,70,23
2017-05-26,62,23,66,63,19
2017-05-27,56,17,69,52,27
2017-05-28,54,17,69,57,30
2017-05-29,57,20,71,64,25
2017-05-30,57,24,68,72,27
2017-05-31,58,16,63,76,24
2017-06-01,61,15,67,70,23
2017-06-02,62,27,65,68,29
2017-06-03,67,15,71,57,100
2017-06-04,56,20,68,55,77
2017-06-05,65,25,65,69,71
2017-06-06,68,28,71,74,31
2017-06-07,67,29,70,74,27
2017-06-08,62,29,69,67,23
2017-06-09,69,34,69,62,25
2017-06-10,63,31,76,49,24
2017-06-11,63,30,83,59,25
2017-06-12,65,37,74,70,22
2017-06-13,72,41,71,86,25
2017-06-14,63,29,73,78,25
2017-06-15,62,24,68,78,24
2017-06-16,63,27,69,61,26
2017-06-17,62,19,85,51,26
2017-06-18,54,14,72,57,27
2017-06-19,67,32,73,68,24
2017-06-20,68,26,72,70,25
2017-06-21,61,23,68,65,26
2017-06-22,66,30,73,66,24
2017-06-23,59,30,68,56,25
2017-06-24,56,32,67,40,50
2017-06-25,51,35,65,43,52
2017-06-26,56,52,69,49,54
2017-06-27,59,31,63,50,45
2017-06-28,63,35,66,52,42
2017-06-29,66,45,65,52,40
2017-06-30,65,50,59,50,47
2017-07-01,73,36,64,39,87
2017-07-02,58,44,66,40,63
2017-07-03,64,52,72,53,47
2017-07-04,60,49,65,51,41
2017-07-05,62,56,64,53,36
2017-07-06,64,56,60,52,48
2017-07-07,61,62,64,50,44
2017-07-08,65,27,71,45,44
2017-07-09,56,54,75,46,56
2017-07-10,64,48,71,52,51
2017-07-11,63,53,64,53,49
2017-07-12,65,47,66,57,45
2017-07-13,63,60,63,57,45
2017-07-14,62,49,67,52,45
2017-07-15,63,63,73,40,54
2017-07-16,52,32,67,43,49
2017-07-17,59,62,65,55,45
2017-07-18,59,51,68,67,45
2017-07-19,59,41,61,55,48
2017-07-20,61,45,61,57,66
2017-07-21,57,44,63,49,48
2017-07-22,59,37,66,42,44
2017-07-23,49,44,69,42,52
2017-07-24,56,39,65,54,42
2017-07-25,58,57,64,52,46
2017-07-26,58,55,61,54,45
2017-07-27,60,43,66,49,47
2017-07-28,56,46,63,49,51
2017-07-29,55,40,71,44,44
2017-07-30,50,55,72,45,54
2017-07-31,57,55,63,53,51
2017-08-01,54,32,65,58,45
2017-08-02,64,35,63,57,43
2017-08-03,58,51,64,58,41
2017-08-04,58,60,62,48,40
2017-08-05,52,40,70,39,70
2017-08-06,55,42,69,41,86
2017-08-07,56,33,71,51,54
2017-08-08,57,27,60,50,46
2017-08-09,62,57,69,54,100
2017-08-10,73,67,71,53,54
2017-08-11,66,49,70,48,47
2017-08-12,58,45,73,36,49
2017-08-13,53,45,67,39,58
2017-08-14,60,38,66,47,49
2017-08-15,62,43,66,57,49
2017-08-16,58,42,64,55,42
2017-08-17,64,47,68,51,43
2017-08-18,61,52,64,47,50
2017-08-19,58,53,67,38,49
2017-08-20,50,56,70,41,53
2017-08-21,53,60,65,45,39
2017-08-22,59,54,60,48,39
2017-08-23,55,49,63,50,45
2017-08-24,55,64,57,55,43
2017-08-25,51,54,66,45,39
2017-08-26,58,25,68,38,45
2017-08-27,48,38,66,40,52
2017-08-28,58,65,61,48,43
2017-08-29,75,62,65,50,41
2017-08-30,61,47,68,54,38
2017-08-31,57,55,61,54,44
2017-09-01,59,65,64,49,88
2017-09-02,51,57,75,37,55
2017-09-03,54,38,76,44,46
2017-09-04,69,61,65,51,47
2017-09-05,69,70,69,57,45
2017-09-06,65,70,65,62,41
2017-09-07,66,47,63,62,44
2017-09-08,70,56,65,53,50
2017-09-09,58,43,68,39,57
2017-09-10,55,52,71,48,54
2017-09-11,60,56,59,59,41
2017-09-12,62,44,59,73,48
2017-09-13,62,65,59,70,48
2017-09-14,63,44,66,74,44
2017-09-15,62,47,66,58,48
2017-09-16,52,40,69,44,55
2017-09-17,47,51,61,50,59
2017-09-18,54,56,61,64,49
2017-09-19,56,55,62,69,47
2017-09-20,57,62,63,66,46
2017-09-21,52,69,64,66,42
2017-09-22,58,67,61,58,47
2017-09-23,53,28,70,45,46
2017-09-24,52,47,66,53,60
2017-09-25,61,43,63,65,42
2017-09-26,59,84,59,69,41
2017-09-27,57,63,57,68,47
2017-09-28,58,67,61,69,43
2017-09-29,53,61,65,59,46
2017-09-30,57,70,68,44,51
2017-10-01,47,69,72,49,43
2017-10-02,54,74,62,66,40
2017-10-03,55,59,63,69,39
2017-10-04,60,73,66,72,39
2017-10-05,56,59,61,71,36
2017-10-06,62,78,63,64,34
2017-10-07,58,51,69,45,37
2017-10-08,57,55,71,53,46
2017-10-09,60,56,65,68,42
2017-10-10,62,56,68,69,36
2017-10-11,60,65,63,70,41
2017-10-12,66,85,67,75,40
2017-10-13,65,83,66,65,54
2017-10-14,62,100,78,49,79
2017-10-15,62,99,73,58,72
2017-10-16,75,85,77,75,47
2017-10-17,100,90,96,94,43
2017-10-18,64,70,64,72,41
2017-10-19,59,82,65,69,40
2017-10-20,56,76,65,59,45
2017-10-21,57,72,71,46,43
2017-10-22,53,52,66,51,53
2017-10-23,57,65,65,68,44
2017-10-24,67,51,66,71,37
2017-10-25,67,80,66,71,38
2017-10-26,62,99,70,72,38
2017-10-27,59,55,62,61,34
2017-10-28,55,44,67,45,40
2017-10-29,51,39,67,51,41
2017-10-30,54,62,62,69,40
2017-10-31,56,45,68,73,36
2017-11-01,60,48,58,70,40
2017-11-02,58,56,61,80,39
2017-11-03,56,46,65,67,35
2017-11-04,55,51,70,49,58
2017-11-05,52,77,66,57,40
2017-11-06,62,72,66,76,37
2017-11-07,55,56,62,76,37
2017-11-08,58,62,66,73,40
2017-11-09,55,47,64,71,48
2017-11-10,60,73,70,59,48
2017-11-11,55,54,82,47,48
2017-11-12,57,52,86,59,50
2017-11-13,60,62,72,74,39
2017-11-14,57,41,70,88,36
2017-11-15,58,50,70,80,37
2017-11-16,53,56,69,76,37
2017-11-17,56,73,66,66,37
2017-11-18,54,73,72,49,49
2017-11-19,52,58,75,56,46
2017-11-20,56,34,74,73,38
2017-11-21,58,55,76,77,39
2017-11-22,55,51,72,74,32
2017-11-23,52,47,74,64,31
2017-11-24,55,65,100,52,33
2017-11-25,54,45,86,46,70
2017-11-26,52,44,85,52,58
2017-11-27,58,48,93,69,37
2017-11-28,57,66,74,78,41
2017-11-29,55,71,76,76,36
2017-11-30,55,69,72,76,36
2017-12-01,60,63,71,68,38
2017-12-02,54,72,81,50,36
2017-12-03,59,58,77,60,39
2017-12-04,57,68,72,79,36
2017-12-05,65,53,72,77,55
2017-12-06,63,65,72,78,43
2017-12-07,73,79,77,76,37
2017-12-08,77,96,80,70,39
2017-12-09,67,79,82,51,48
2017-12-10,62,73,80,56,45
2017-12-11,75,74,77,76,38
2017-12-12,86,66,79,100,41
2017-12-13,80,73,76,79,33
2017-12-14,77,60,78,74,39
2017-12-15,73,64,78,62,32
2017-12-16,67,50,84,47,47
2017-12-17,60,52,94,54,39
2017-12-18,64,35,75,69,39
2017-12-19,66,70,78,65,37
2017-12-20,72,70,85,63,32
2017-12-21,67,61,79,58,36
2017-12-22,71,49,100,43,28
2017-12-23,68,52,96,35,39
2017-12-24,62,36,92,33,36
2017-12-25,72,89,96,41,31
2017-12-26,76,74,98,40,43
2017-12-27,72,93,100,42,49
2017-12-28,73,81,94,42,51
2017-12-29,76,72,91,45,40
2017-12-30,67,81,89,36,46
2017-12-31,63,88,89,36,42
2018-01-01,60,65,84,41,47
2018-01-02,75,100,86,52,52
2018-01-03,76,77,84,54,39
2018-01-04,74,59,84,55,39
2018-01-05,73,65,77,53,38
2018-01-06,59,52,86,41,50
2018-01-07,60,57,88,45,52
2018-01-08,66,58,73,60,45
2018-01-09,69,50,77,62,35
2018-01-10,63,52,68,66,39
2018-01-11,61,51,74,69,33
2018-01-12,69,63,81,63,100
2018-01-13,59,73,88,43,53
2018-01-14,57,59,79,46,45
2018-01-15,65,65,77,58,42
2018-01-16,70,59,75,65,65
2018-01-17,72,60,70,63,53
2018-01-18,69,57,70,63,44
2018-01-19,70,37,74,57,40
2018-01-20,60,35,81,44,42
2018-01-21,54,48,80,48,53
2018-01-22,69,54,70,62,41
2018-01-23,61,55,71,64,39
2018-01-24,71,64,71,71,36
2018-01-25,75,66,71,68,39
2018-01-26,68,68,75,57,46
2018-01-27,61,57,75,40,48
2018-01-28,57,50,87,50,53
2018-01-29,63,53,69,64,42
2018-01-30,66,45,79,66,52
2018-01-31,62,57,71,67,36
2018-02-01,67,81,68,65,35
2018-02-02,77,76,69,64,37
2018-02-03,64,60,84,48,44
2018-02-04,54,50,83,52,100
2018-02-05,82,42,66,70,60
2018-02-06,100,48,84,82,44
2018-02-07,72,44,73,74,38
2018-02-08,74,55,79,82,40
2018-02-09,75,42,75,68,51
2018-02-10,64,45,77,44,44
2018-02-11,58,68,74,50,56
2018-02-12,68,59,77,70,47
2018-02-13,62,55,76,75,39
2018-02-14,68,64,72,100,69
2018-02-15,67,56,63,74,46
2018-02-16,60,71,67,60,39
2018-02-17,57,52,74,43,49
2018-02-18,52,58,75,49,48
2018-02-19,57,62,73,62,42
2018-02-20,61,70,71,69,43
2018-02-21,61,68,69,70,37
2018-02-22,61,81,68,65,39
2018-02-23,60,88,71,61,38
2018-02-24,54,55,75,42,41
2018-02-25,50,69,79,50,49
2018-02-26,56,72,70,68,46
2018-02-27,62,70,61,71,45
2018-02-28,54,68,68,65,39
2018-03-01,55,60,62,66,38
2018-03-02,56,66,71,57,41
2018-03-03,55,71,76,44,48
2018-03-04,56,68,72,51,40
2018-03-05,56,70,67,66,70
2018-03-06,56,85,66,70,44
2018-03-07,57,77,64,66,42
2018-03-08,55,58,65,64,37
2018-03-09,56,59,69,62,33
2018-03-10,57,55,73,44,39
2018-03-11,51,49,73,50,39
2018-03-12,53,76,69,65,30
2018-03-13,55,70,61,73,34
2018-03-14,56,59,62,68,35
2018-03-15,59,44,60,64,33
2018-03-16,52,50,61,57,35
2018-03-17,54,44,73,42,31
2018-03-18,53,54,75,49,39
2018-03-19,59,53,62,66,34
2018-03-20,58,65,66,74,32
2018-03-21,60,70,65,73,33
2018-03-22,62,51,64,64,38
2018-03-23,71,62,69,59,36
2018-03-24,61,55,74,45,54
2018-03-25,54,52,75,51,80
2018-03-26,67,66,66,63,36
2018-03-27,61,54,69,86,41
2018-03-28,64,75,69,66,38
2018-03-29,60,84,64,62,36
2018-03-30,60,71,66,46,67
2018-03-31,57,48,69,42,47
2018-04-01,56,49,77,46,45
2018-04-02,68,65,74,55,43
2018-04-03,61,54,65,63,38
2018-04-04,63,54,69,62,36
2018-04-05,59,46,68,62,43
2018-04-06,60,41,70,61,41
2018-04-07,57,46,70,45,72
2018-04-08,53,41,67,50,66
2018-04-09,60,52,64,67,46
2018-04-10,56,49,66,68,42
2018-04-11,64,56,66,69,41
2018-04-12,64,51,71,67,36
2018-04-13,63,45,65,61,32
2018-04-14,57,49,66,43,37
2018-04-15,61,63,75,53,37
2018-04-16,65,42,67,67,38
2018-04-17,72,64,76,68,32
2018-04-18,100,52,87,72,31
2018-04-19,67,50,67,70,33
2018-04-20,64,62,62,62,30
2018-04-21,59,43,63,45,33
2018-04-22,54,48,74,53,68
2018-04-23,59,47,65,70,37
2018-04-24,58,42,61,68,31
2018-04-25,59,46,64,70,33
2018-04-26,58,41,60,76,30
2018-04-27,60,45,59,60,38
2018-04-28,63,36,68,46,35
2018-04-29,53,34,71,52,36
2018-04-30,57,36,71,71,33
2018-05-01,58,52,67,69,35
2018-05-02,57,44,64,67,32
2018-05-03,59,48,66,71,32
2018-05-04,59,39,61,61,30
2018-05-05,60,33,63,47,32
2018-05-06,50,42,70,51,33
2018-05-07,57,40,64,71,36
2018-05-08,58,56,64,64,37
2018-05-09,57,32,59,68,31
2018-05-10,55,34,60,65,32
2018-05-11,58,41,57,57,33
2018-05-12,52,27,73,41,36
2018-05-13,52,21,66,49,34
2018-05-14,57,49,59,65,36
2018-05-15,57,41,61,63,31
2018-05-16,59,48,62,66,32
2018-05-17,58,39,63,62,47
2018-05-18,64,38,62,54,41
2018-05-19,59,32,68,39,35
2018-05-20,56,44,69,47,34
2018-05-21,61,41,63,62,35
2018-05-22,60,48,60,65,32
2018-05-23,61,44,58,63,31
2018-05-24,59,37,61,59,33
2018-05-25,59,37,60,51,30
2018-05-26,58,33,64,42,33
2018-05-27,53,35,69,45,37
2018-05-28,59,32,68,50,28
2018-05-29,60,41,65,54,28
2018-05-30,59,49,67,57,32
2018-05-31,61,43,60,60,34
2018-06-01,60,27,63,49,29
2018-06-02,59,36,65,44,57
2018-06-03,54,32,71,46,57
2018-06-04,59,47,61,54,40
2018-06-05,57,47,61,58,32
2018-06-06,57,48,67,57,32
2018-06-07,52,44,62,54,36
2018-06-08,53,49,58,48,30
2018-06-09,56,37,70,42,39
2018-06-10,52,21,67,45,37
2018-06-11,50,32,63,54,36
2018-06-12,59,41,63,57,38
2018-06-13,56,38,70,58,36
2018-06-14,47,41,61,55,34
2018-06-15,53,43,63,45,30
2018-06-16,52,34,63,37,35
2018-06-17,52,46,63,40,34
2018-06-18,53,44,63,50,35
2018-06-19,55,45,58,50,33
2018-06-20,60,50,64,49,33
2018-06-21,40,41,54,57,42
2018-06-22,42,38,54,49,43
2018-06-23,39,27,64,40,72
2018-06-24,35,26,60,45,73
2018-06-25,40,52,54,54,56
2018-06-26,40,53,49,56,50
2018-06-27,42,52,56,54,52
2018-06-28,45,44,60,54,47
2018-06-29,43,44,64,55,47
2018-06-30,37,37,60,42,44
2018-07-01,37,49,63,45,42
2018-07-02,39,55,56,52,41
2018-07-03,42,44,54,54,52
2018-07-04,42,50,57,55,38
2018-07-05,42,40,57,58,48
2018-07-06,43,45,58,51,44
2018-07-07,39,27,59,44,48
2018-07-08,39,25,63,49,56
2018-07-09,41,38,55,55,54
2018-07-10,41,33,61,55,39
2018-07-11,43,46,59,58,41
2018-07-12,43,46,60,58,34
2018-07-13,44,33,58,56,42
2018-07-14,42,30,70,42,54
2018-07-15,43,41,67,49,58
2018-07-16,46,28,64,59,42
2018-07-17,46,49,65,61,48
2018-07-18,57,32,62,62,44
2018-07-19,60,47,67,59,44
2018-07-20,54,44,64,58,46
2018-07-21,52,33,74,47,54
2018-07-22,44,47,64,50,46
2018-07-23,50,35,68,59,48
2018-07-24,49,52,62,68,42
2018-07-25,47,44,60,67,41
2018-07-26,49,36,62,66,44
2018-07-27,47,39,63,56,40
2018-07-28,50,35,63,46,77
2018-07-29,42,41,71,51,92
2018-07-30,52,32,67,62,44
2018-07-31,51,48,69,66,45
2018-08-01,51,48,67,65,35
2018-08-02,55,43,69,70,45
2018-08-03,58,34,67,60,43
2018-08-04,55,41,75,48,44
2018-08-05,47,31,73,55,45
2018-08-06,55,40,68,60,41
2018-08-07,53,45,74,60,42
2018-08-08,50,24,64,58,43
2018-08-09,53,36,67,61,39
2018-08-10,53,33,65,67,43
2018-08-11,49,41,68,48,51
2018-08-12,43,36,76,52,48
2018-08-13,60,54,76,64,41
2018-08-14,64,57,66,65,40
2018-08-15,65,57,67,70,42
2018-08-16,74,56,70,63,38
2018-08-17,68,58,68,60,40
2018-08-18,54,42,73,51,40
2018-08-19,52,45,78,57,47
2018-08-20,61,41,77,72,45
2018-08-21,57,58,71,71,37
2018-08-22,53,45,65,68,39
2018-08-23,57,59,62,66,35
2018-08-24,55,64,67,60,40
2018-08-25,48,54,72,48,39
2018-08-26,47,65,71,52,41
2018-08-27,52,48,64,66,37
2018-08-28,54,59,61,66,53
2018-08-29,50,48,60,68,38
2018-08-30,53,39,62,71,38
2018-08-31,55,49,60,67,39
2018-09-01,48,44,69,49,41
2018-09-02,42,54,71,51,34
2018-09-03,50,68,62,67,37
2018-09-04,53,61,61,69,39
2018-09-05,50,53,58,90,32
2018-09-06,50,40,63,100,37
2018-09-07,53,59,58,85,38
2018-09-08,45,63,67,70,37
2018-09-09,43,50,64,71,46
2018-09-10,54,49,61,86,36
2018-09-11,49,54,58,87,41
2018-09-12,48,57,55,81,40
2018-09-13,47,45,58,80,38
2018-09-14,48,34,60,73,42
2018-09-15,46,52,64,58,38
2018-09-16,43,48,65,61,42
2018-09-17,50,35,59,81,41
2018-09-18,45,43,55,78,38
2018-09-19,44,45,55,84,35
2018-09-20,44,51,56,87,44
2018-09-21,47,53,65,72,54
2018-09-22,45,42,71,57,49
2018-09-23,41,46,65,60,43
2018-09-24,48,60,63,78,36
2018-09-25,44,47,57,86,44
2018-09-26,39,49,57,81,40
2018-09-27,46,54,54,80,41
2018-09-28,47,66,59,69,43
2018-09-29,50,67,66,49,100
2018-09-30,43,43,70,61,43
2018-10-01,50,48,57,77,34
2018-10-02,49,60,59,77,38
2018-10-03,53,54,59,84,48
2018-10-04,56,66,57,79,45
2018-10-05,53,63,62,75,37
2018-10-06,48,56,66,59,39
2018-10-07,41,63,72,65,39
2018-10-08,50,62,57,82,36
2018-10-09,55,55,62,85,34
2018-10-10,56,77,61,84,38
2018-10-11,65,72,65,84,35
2018-10-12,63,100,59,90,60
2018-10-13,53,69,70,59,53
2018-10-14,48,80,69,64,42
2018-10-15,60,83,62,84,35
2018-10-16,58,60,65,81,42
2018-10-17,52,57,59,85,33
2018-10-18,49,59,62,77,38
2018-10-19,51,50,60,69,45
2018-10-20,47,35,67,49,36
2018-10-21,45,51,63,55,38
2018-10-22,50,51,62,72,41
2018-10-23,57,49,63,76,33
2018-10-24,55,49,60,73,37
2018-10-25,59,59,62,72,43
2018-10-26,60,40,60,68,36
2018-10-27,54,37,66,50,38
2018-10-28,49,59,67,58,30
2018-10-29,61,51,63,73,37
2018-10-30,58,43,62,77,44
2018-10-31,61,46,60,76,37
2018-11-01,56,48,64,77,41
2018-11-02,56,39,67,69,35
2018-11-03,59,21,73,52,41
2018-11-04,62,37,81,59,33
2018-11-05,100,39,100,77,37
2018-11-06,55,45,68,77,35
2018-11-07,45,52,63,74,30
2018-11-08,50,39,68,81,37
2018-11-09,49,48,66,70,35
2018-11-10,50,34,67,52,35
2018-11-11,47,38,68,57,36
2018-11-12,52,47,65,81,36
2018-11-13,53,47,64,83,38
2018-11-14,50,37,62,83,37
2018-11-15,51,43,59,83,33
2018-11-16,50,36,64,71,32
2018-11-17,46,51,70,52,32
2018-11-18,42,32,77,59,36
2018-11-19,48,54,69,75,31
2018-11-20,48,41,62,71,33
2018-11-21,49,53,66,73,30
2018-11-22,46,39,73,67,24
2018-11-23,47,33,89,56,25
2018-11-24,48,33,79,51,69
2018-11-25,43,37,79,58,42
2018-11-26,47,38,77,74,36
2018-11-27,46,49,68,81,34
2018-11-28,48,51,65,87,30
2018-11-29,51,44,65,85,30
2018-11-30,56,45,65,76,38
2018-12-01,49,42,71,57,33
2018-12-02,43,40,81,63,33
2018-12-03,55,49,73,80,52
2018-12-04,56,54,68,91,36
2018-12-05,58,69,70,85,36
2018-12-06,55,55,63,82,43
2018-12-07,52,58,63,74,33
2018-12-08,50,56,78,58,43
2018-12-09,43,44,71,64,39
2018-12-10,54,53,72,81,44
2018-12-11,51,63,63,81,34
2018-12-12,49,63,63,83,38
2018-12-13,49,86,72,85,37
2018-12-14,55,73,71,71,64
2018-12-15,47,69,77,55,46
2018-12-16,44,72,83,53,40
2018-12-17,55,63,70,71,39
2018-12-18,59,47,74,70,41
2018-12-19,72,45,83,84,30
2018-12-20,79,54,94,79,35
2018-12-21,75,73,87,61,35
2018-12-22,67,57,99,50,38
2018-12-23,62,56,94,46,31
2018-12-24,83,42,86,52,28
2018-12-25,74,45,90,55,29
2018-12-26,82,46,100,55,31
2018-12-27,81,30,84,55,35
2018-12-28,78,50,84,56,41
2018-12-29,64,53,95,49,35
2018-12-30,62,36,93,49,40
2018-12-31,71,47,81,47,33
2019-01-01,68,58,83,47,40
2019-01-02,81,57,82,66,43
2019-01-03,84,61,81,70,41
2019-01-04,84,49,85,70,34
2019-01-05,65,53,79,53,85
2019-01-06,61,55,80,56,100
2019-01-07,73,47,77,72,49
2019-01-08,73,41,71,81,39
2019-01-09,68,42,73,79,38
2019-01-10,70,50,70,80,37
2019-01-11,63,48,70,74,39
2019-01-12,66,37,82,52,79
2019-01-13,57,37,80,61,71
2019-01-14,65,37,68,78,36
2019-01-15,63,40,70,85,34
2019-01-16,65,40,65,83,32
2019-01-17,68,38,68,78,30
2019-01-18,66,45,72,75,38
2019-01-19,63,47,77,56,63
2019-01-20,59,35,77,58,40
2019-01-21,63,41,70,70,33
2019-01-22,64,44,69,83,35
2019-01-23,64,42,65,87,33
2019-01-24,61,33,68,87,36
2019-01-25,63,42,71,74,32
2019-01-26,60,33,71,56,39
2019-01-27,56,44,79,61,38
2019-01-28,70,51,72,81,35
2019-01-29,75,64,69,82,30
2019-01-30,82,51,67,83,36
2019-01-31,85,67,65,82,39
2019-02-01,86,54,74,78,37
2019-02-02,71,52,79,61,38
2019-02-03,64,44,77,65,32
2019-02-04,78,44,68,75,35
2019-02-05,81,42,69,82,37
2019-02-06,76,50,72,84,32
2019-02-07,83,53,77,90,36
2019-02-08,77,45,70,76,38
2019-02-09,64,43,73,58,89
2019-02-10,57,41,76,64,44
2019-02-11,76,43,71,80,34
2019-02-12,74,55,72,80,34
2019-02-13,73,54,63,97,36
2019-02-14,73,38,67,80,31
2019-02-15,73,37,64,73,41
2019-02-16,65,35,77,57,38
2019-02-17,65,52,79,62,35
2019-02-18,76,67,69,79,39
2019-02-19,79,74,64,85,35
2019-02-20,88,99,64,82,41
2019-02-21,83,100,67,81,40
2019-02-22,80,73,64,77,39
2019-02-23,68,57,84,58,37
2019-02-24,62,52,75,64,39
2019-02-25,79,32,69,90,37
2019-02-26,69,33,70,87,36
2019-02-27,70,44,59,80,33
2019-02-28,72,46,65,97,31
2019-03-01,76,50,66,78,28
2019-03-02,73,61,76,56,36
2019-03-03,67,70,81,67,39
2019-03-04,80,40,65,95,33
2019-03-05,85,37,65,91,32
2019-03-06,83,43,69,90,31
2019-03-07,82,54,66,83,31
2019-03-08,84,64,61,77,34
2019-03-09,72,37,76,60,40
2019-03-10,65,37,77,65,30
2019-03-11,80,49,65,84,34
2019-03-12,77,50,68,86,32
2019-03-13,77,44,63,82,32
2019-03-14,74,73,66,80,36
2019-03-15,75,67,65,73,33
2019-03-16,70,62,72,53,78
2019-03-17,64,50,71,65,44
2019-03-18,80,59,64,81,34
2019-03-19,77,54,69,84,32
2019-03-20,70,49,62,85,32
2019-03-21,64,58,67,84,32
2019-03-22,77,44,62,76,34
2019-03-23,70,40,76,54,39
2019-03-24,61,33,76,66,36
2019-03-25,75,50,67,87,37
2019-03-26,72,46,63,95,38
2019-03-27,74,62,63,96,33
2019-03-28,77,48,61,98,38
2019-03-29,75,53,65,87,41
2019-03-30,76,59,78,64,35
2019-03-31,58,56,76,70,31
2019-04-01,70,44,67,90,36
2019-04-02,72,56,63,88,39
2019-04-03,70,57,66,90,30
2019-04-04,72,50,64,84,34
2019-04-05,70,44,67,85,32
2019-04-06,68,38,70,57,29
2019-04-07,58,49,70,65,33
2019-04-08,69,46,65,85,36
2019-04-09,67,45,60,84,33
2019-04-10,66,58,65,83,34
2019-04-11,62,43,62,82,32
2019-04-12,62,41,58,78,28
2019-04-13,61,46,76,55,31
2019-04-14,54,40,66,65,32
2019-04-15,67,45,63,80,34
2019-04-16,67,50,62,86,35
2019-04-17,66,46,63,84,31
2019-04-18,66,65,64,74,39
2019-04-19,63,52,68,64,31
2019-04-20,60,35,71,58,32
2019-04-21,56,41,70,58,31
2019-04-22,67,49,65,78,37
2019-04-23,65,40,62,85,34
2019-04-24,68,49,65,87,29
2019-04-25,60,47,63,88,29
2019-04-26,65,34,59,100,33
2019-04-27,60,28,66,61,30
2019-04-28,54,29,66,69,39
2019-04-29,60,34,65,90,31
2019-04-30,65,45,65,91,37
2019-05-01,65,37,66,88,34
2019-05-02,67,53,65,91,35
2019-05-03,73,46,62,84,29
2019-05-04,64,44,74,62,60
2019-05-05,59,26,74,76,51
2019-05-06,82,32,74,92,36
2019-05-07,100,33,91,91,29
2019-05-08,66,44,68,86,32
2019-05-09,66,34,72,86,32
2019-05-10,69,34,65,80,35
2019-05-11,59,33,70,57,27
2019-05-12,54,38,69,63,29
2019-05-13,71,37,58,82,34
2019-05-14,72,40,59,89,34
2019-05-15,65,40,63,86,55
2019-05-16,67,46,64,80,61
2019-05-17,72,49,63,69,42
2019-05-18,65,44,71,56,43
2019-05-19,57,45,68,58,39
2019-05-20,71,29,65,73,37
2019-05-21,74,32,65,78,34
2019-05-22,69,34,62,79,38
2019-05-23,69,27,56,72,32
2019-05-24,67,32,61,68,30
2019-05-25,62,16,65,52,35
2019-05-26,59,44,74,55,31
2019-05-27,63,33,67,61,29
2019-05-28,66,28,62,70,32
2019-05-29,65,42,59,70,44
2019-05-30,63,28,67,66,35
2019-05-31,76,47,65,63,36
2019-06-01,69,45,80,53,34
2019-06-02,60,49,74,55,36
2019-06-03,75,58,63,68,38
2019-06-04,77,52,67,69,34
2019-06-05,72,50,67,68,37
2019-06-06,75,38,69,66,35
2019-06-07,80,66,69,64,38
2019-06-08,66,49,74,51,37
2019-06-09,57,41,81,55,35
2019-06-10,74,56,72,64,30
2019-06-11,70,40,65,71,32
2019-06-12,71,44,66,78,36
2019-06-13,71,44,64,70,33
2019-06-14,86,51,72,62,31
2019-06-15,70,48,74,51,29
2019-06-16,55,46,73,54,30
2019-06-17,75,37,68,71,32
2019-06-18,40,52,54,75,16
2019-06-19,37,43,54,81,15
2019-06-20,59,74,58,75,14
2019-06-21,61,77,57,64,13
2019-06-22,47,72,54,55,13
2019-06-23,41,55,60,58,14
2019-06-24,54,88,56,70,14
2019-06-25,62,91,63,69,16
2019-06-26,60,87,57,68,21
2019-06-27,55,74,50,67,16
2019-06-28,51,55,57,63,13
2019-06-29,45,52,61,54,12
2019-06-30,38,65,66,58,14
2019-07-01,56,84,58,66,14
2019-07-02,52,67,54,68,14
2019-07-03,53,76,57,66,15
2019-07-04,47,65,52,62,14
2019-07-05,60,75,53,63,14
2019-07-06,51,49,59,57,14
2019-07-07,42,54,62,56,24
2019-07-08,54,65,52,65,16
2019-07-09,49,53,52,67,19
2019-07-10,46,53,54,71,15
2019-07-11,56,56,54,73,14
2019-07-12,51,42,51,73,14
2019-07-13,46,45,64,57,12
2019-07-14,39,50,57,55,13
2019-07-15,49,53,58,72,15
2019-07-16,48,57,55,68,15
2019-07-17,49,69,58,68,14
2019-07-18,54,66,57,68,14
2019-07-19,58,65,57,68,11
2019-07-20,52,57,65,56,12
2019-07-21,43,58,58,65,12
2019-07-22,53,62,50,74,13
2019-07-23,52,58,53,74,14
2019-07-24,51,67,54,68,13
2019-07-25,51,53,51,67,14
2019-07-26,49,51,52,60,12
2019-07-27,43,44,55,50,13
2019-07-28,36,42,60,57,14
2019-07-29,50,51,53,67,14
2019-07-30,50,79,53,71,13
2019-07-31,50,77,55,74,15
2019-08-01,54,85,57,70,15
2019-08-02,56,61,56,64,14
2019-08-03,48,47,60,53,16
2019-08-04,42,57,58,56,16
2019-08-05,71,90,59,62,15
2019-08-06,77,79,69,67,15
2019-08-07,92,98,66,66,15
2019-08-08,90,94,65,62,15
2019-08-09,83,95,63,62,13
2019-08-10,68,82,68,53,15
2019-08-11,59,77,65,55,14
2019-08-12,73,89,67,67,15
2019-08-13,91,91,66,73,16
2019-08-14,93,90,68,79,16
2019-08-15,78,82,66,70,15
2019-08-16,82,92,63,67,17
2019-08-17,71,77,64,56,17
2019-08-18,63,62,65,61,100
2019-08-19,75,92,64,71,21
2019-08-20,76,90,67,69,16
2019-08-21,72,70,61,74,15
2019-08-22,69,76,60,73,11
2019-08-23,72,55,59,65,13
2019-08-24,64,68,67,55,13
2019-08-25,60,72,64,58,14
2019-08-26,92,92,61,65,13
2019-08-27,90,93,67,73,12
2019-08-28,89,95,67,73,14
2019-08-29,89,95,63,74,13
2019-08-30,88,84,86,70,12
2019-08-31,73,61,69,52,9
2019-09-01,67,54,67,59,11
2019-09-02,70,76,67,66,12
2019-09-03,88,72,66,74,14
2019-09-04,90,98,60,76,12
2019-09-05,84,100,60,75,13
2019-09-06,84,99,65,72,12
2019-09-07,78,89,70,56,13
2019-09-08,66,76,64,62,13
2019-09-09,84,90,64,74,13
2019-09-10,84,90,61,85,12
2019-09-11,88,88,61,79,15
2019-09-12,91,79,64,82,15
2019-09-13,98,74,61,79,15
2019-09-14,86,63,70,59,19
2019-09-15,79,71,72,64,13
2019-09-16,93,80,61,85,13
2019-09-17,87,86,57,85,14
2019-09-18,87,81,59,84,11
2019-09-19,86,61,58,85,12
2019-09-20,97,76,60,75,13
2019-09-21,83,65,65,60,10
2019-09-22,67,58,62,64,11
2019-09-23,89,74,59,91,12
2019-09-24,74,77,57,81,13
2019-09-25,73,66,54,79,12
2019-09-26,82,65,61,79,12
2019-09-27,77,64,58,70,12
2019-09-28,71,60,66,57,11
2019-09-29,64,56,62,65,11
2019-09-30,74,91,57,91,12
2019-10-01,77,84,58,86,12
2019-10-02,74,78,59,79,13
2019-10-03,73,65,54,78,14
2019-10-04,73,60,59,78,13
2019-10-05,61,64,65,54,11
2019-10-06,53,68,63,64,12
2019-10-07,64,73,61,83,13
2019-10-08,67,69,58,85,11
2019-10-09,65,74,56,84,11
2019-10-10,67,84,58,83,13
2019-10-11,64,81,58,76,13
2019-10-12,65,67,60,56,11
2019-10-13,59,50,70,69,12
2019-10-14,69,68,57,88,11
2019-10-15,66,57,52,90,13
2019-10-16,65,54,52,95,15
2019-10-17,62,66,58,81,12
2019-10-18,69,58,58,74,12
2019-10-19,65,50,59,57,12
2019-10-20,58,65,64,65,12
2019-10-21,66,65,61,81,11
2019-10-22,68,51,59,84,11
2019-10-23,66,50,62,82,11
2019-10-24,69,42,64,81,12
2019-10-25,100,72,100,71,12
2019-10-26,62,52,67,54,11
2019-10-27,47,48,60,59,12
2019-10-28,54,64,55,79,13
2019-10-29,61,66,57,83,14
2019-10-30,63,63,54,79,10
2019-10-31,63,63,59,81,11
2019-11-01,61,67,55,74,11
2019-11-02,55,55,60,61,12
2019-11-03,48,43,66,69,11
2019-11-04,58,55,59,86,12
2019-11-05,58,53,56,91,12
2019-11-06,61,63,55,98,11
2019-11-07,63,68,58,89,12
2019-11-08,67,73,60,81,12
2019-11-09,61,62,61,61,12
2019-11-10,54,54,61,68,16
2019-11-11,62,75,57,87,15
2019-11-12,60,79,53,98,15
2019-11-13,62,75,59,100,14
2019-11-14,55,51,53,88,13
2019-11-15,57,49,52,83,14
2019-11-16,54,42,63,63,15
2019-11-17,49,54,73,71,13
2019-11-18,58,51,60,90,14
2019-11-19,57,55,56,91,13
2019-11-20,58,60,61,92,11
2019-11-21,56,46,57,91,12
2019-11-22,53,51,60,85,28
2019-11-23,47,47,68,62,25
2019-11-24,45,62,65,67,16
2019-11-25,54,50,66,84,16
2019-11-26,56,55,62,85,15
2019-11-27,56,57,59,80,11
2019-11-28,55,55,63,75,11
2019-11-29,56,44,73,68,12
2019-11-30,49,71,83,63,13
2019-12-01,43,61,71,66,14
2019-12-02,51,63,65,84,13
2019-12-03,53,60,67,89,14
2019-12-04,55,57,58,91,13
2019-12-05,52,51,61,89,14
2019-12-06,50,66,56,89,14
2019-12-07,48,55,65,61,12
2019-12-08,45,57,68,65,12
2019-12-09,56,57,56,91,12
2019-12-10,57,62,63,88,12
2019-12-11,53,73,63,98,14
2019-12-12,54,72,58,95,13
2019-12-13,55,74,69,86,12
2019-12-14,50,65,69,60,12
2019-12-15,45,54,68,63,13
2019-12-16,17,44,45,78,35
2019-12-17,16,42,42,83,32
2019-12-18,16,35,41,78,33
2019-12-19,16,43,44,75,38
2019-12-20,17,44,47,64,33
2019-12-21,16,38,46,47,29
2019-12-22,14,36,49,48,32
2019-12-23,17,57,47,57,26
2019-12-24,19,51,45,55,25
2019-12-25,18,48,43,59,19
2019-12-26,19,53,54,56,36
2019-12-27,19,60,49,56,35
2019-12-28,17,44,49,52,34
2019-12-29,16,54,52,51,33
2019-12-30,21,49,48,59,33
2019-12-31,20,48,46,56,32
2020-01-01,18,53,45,53,40
2020-01-02,20,62,48,69,36
2020-01-03,27,67,45,66,39
2020-01-04,26,58,49,56,41
2020-01-05,22,73,50,58,46
2020-01-06,40,86,57,70,41
2020-01-07,37,83,48,79,40
2020-01-08,43,82,52,77,44
2020-01-09,35,78,45,80,38
2020-01-10,31,71,45,70,33
2020-01-11,28,70,48,57,33
2020-01-12,22,66,48,60,29
2020-01-13,26,67,39,84,34
2020-01-14,24,75,42,89,33
2020-01-15,24,51,40,92,32
2020-01-16,25,77,40,83,39
2020-01-17,24,70,42,79,31
2020-01-18,21,81,48,59,32
2020-01-19,18,46,45,62,36
2020-01-20,22,57,38,74,30
2020-01-21,22,67,40,85,37
2020-01-22,21,49,40,85,33
2020-01-23,21,49,40,81,37
2020-01-24,21,47,39,73,51
2020-01-25,22,51,43,54,46
2020-01-26,16,41,42,59,63
2020-01-27,22,56,39,75,47
2020-01-28,21,49,40,77,47
2020-01-29,21,41,36,91,46
2020-01-30,23,54,41,82,39
2020-01-31,23,46,41,87,36
2020-02-01,23,49,45,61,37
2020-02-02,18,63,41,64,39
2020-02-03,23,79,41,80,36
2020-02-04,22,68,40,79,31
2020-02-05,22,66,41,77,36
2020-02-06,23,73,40,77,35
2020-02-07,22,67,41,72,35
2020-02-08,20,66,47,58,37
2020-02-09,17,66,45,60,36
2020-02-10,20,62,43,78,35
2020-02-11,20,65,40,84,36
2020-02-12,21,79,40,88,36
2020-02-13,20,77,39,87,35
2020-02-14,19,57,41,84,35
2020-02-15,19,45,42,59,42
2020-02-16,16,54,43,67,37
2020-02-17,19,40,41,80,34
2020-02-18,21,46,39,90,39
2020-02-19,24,68,38,91,35
2020-02-20,25,68,43,82,32
2020-02-21,31,82,44,75,41
2020-02-22,31,67,48,60,36
2020-02-23,23,71,49,66,38
2020-02-24,41,98,55,90,38
2020-02-25,40,91,48,100,38
2020-02-26,34,74,49,80,38
2020-02-27,34,81,50,80,38
2020-02-28,39,81,53,76,40
2020-02-29,34,75,56,58,37
2020-03-01,30,62,50,61,39
2020-03-02,36,67,45,83,39
2020-03-03,34,67,43,87,33
2020-03-04,33,63,42,84,38
2020-03-05,33,80,42,85,33
2020-03-06,40,77,44,72,34
2020-03-07,32,78,48,57,39
2020-03-08,26,58,44,59,36
2020-03-09,49,100,59,78,46
2020-03-10,38,71,48,83,38
2020-03-11,37,72,48,82,32
2020-03-12,52,93,57,76,38
2020-03-13,62,100,62,69,36
2020-03-14,56,94,59,56,40
2020-03-15,47,72,57,64,38
2020-03-16,79,91,74,69,37
2020-03-17,89,90,72,68,40
2020-03-18,100,87,73,79,43
2020-03-19,95,82,70,76,47
2020-03-20,78,71,63,70,41
2020-03-21,60,56,59,69,52
2020-03-22,46,47,62,80,49
2020-03-23,69,65,67,78,45
2020-03-24,56,60,67,85,39
2020-03-25,50,48,66,81,43
2020-03-26,45,47,59,86,41
2020-03-27,42,52,57,83,44
2020-03-28,37,44,64,76,40
2020-03-29,31,41,60,79,46
2020-03-30,38,41,54,81,39
2020-03-31,34,41,53,81,35
2020-04-01,32,41,53,79,35
2020-04-02,30,37,54,77,40
2020-04-03,30,39,52,77,34
2020-04-04,25,33,55,66,45
2020-04-05,21,30,58,75,74
2020-04-06,27,41,54,87,49
2020-04-07,33,39,50,87,43
2020-04-08,29,30,49,82,39
2020-04-09,28,42,52,82,36
2020-04-10,27,47,55,77,44
2020-04-11,24,36,59,72,54
2020-04-12,22,31,60,81,44
2020-04-13,29,51,59,82,47
2020-04-14,28,48,55,81,41
2020-04-15,29,45,60,76,43
2020-04-16,29,41,64,84,42
2020-04-17,29,43,54,79,41
2020-04-18,23,38,61,69,44
2020-04-19,22,43,58,76,41
2020-04-20,29,44,64,84,39
2020-04-21,33,49,66,79,45
2020-04-22,32,43,69,83,41
2020-04-23,28,54,68,86,40
2020-04-24,28,55,67,90,41
2020-04-25,29,44,79,72,50
2020-04-26,32,61,100,74,49
2020-04-27,28,54,63,85,38
2020-04-28,26,47,56,80,33
2020-04-29,26,60,55,81,35
2020-04-30,27,51,56,85,43
2020-05-01,25,50,61,76,39
2020-05-02,24,36,58,68,39
2020-05-03,21,38,58,77,45
2020-05-04,27,41,53,78,39
2020-05-05,26,36,52,81,36
2020-05-06,25,38,57,77,36
2020-05-07,24,33,55,76,35
2020-05-08,24,43,52,81,36
2020-05-09,22,40,63,70,37
2020-05-10,20,39,56,70,44
2020-05-11,25,43,55,84,37
2020-05-12,25,39,54,82,36
2020-05-13,25,40,53,83,37
2020-05-14,26,51,55,82,38
2020-05-15,27,48,54,74,40
2020-05-16,23,44,58,63,32
2020-05-17,22,51,64,71,38
2020-05-18,29,58,53,74,40
2020-05-19,28,47,53,71,34
2020-05-20,27,58,50,79,33
2020-05-21,26,66,54,99,37
2020-05-22,25,47,52,71,39
2020-05-23,22,44,60,62,31
2020-05-24,20,36,55,65,38
2020-05-25,23,42,52,66,38
2020-05-26,25,43,49,72,34
2020-05-27,27,52,46,70,36
2020-05-28,26,48,49,68,35
2020-05-29,26,48,44,64,40
2020-05-30,24,44,46,55,36
2020-05-31,21,41,45,58,100
2020-06-01,27,44,47,62,44
2020-06-02,26,47,44,68,38
2020-06-03,27,56,49,61,34
2020-06-04,28,45,45,65,36
2020-06-05,28,55,49,61,36
2020-06-06,27,47,52,57,38
2020-06-07,25,53,55,66,38
2020-06-08,30,47,52,72,33
2020-06-09,30,57,49,68,32
2020-06-10,28,50,50,71,41
2020-06-11,29,56,51,67,39
2020-06-12,27,47,50,66,31
2020-06-13,24,50,50,57,36
2020-06-14,22,25,53,70,71
2020-06-15,25,29,53,76,73
2020-06-16,26,26,59,76,72
2020-06-17,25,28,53,76,71
2020-06-18,27,28,51,77,72
2020-06-19,25,29,56,69,71
2020-06-20,23,27,58,62,80
2020-06-21,22,28,57,64,75
2020-06-22,29,26,56,75,63
2020-06-23,30,31,54,72,73
2020-06-24,34,34,58,73,72
2020-06-25,32,31,57,68,69
2020-06-26,31,29,56,68,68
2020-06-27,28,36,55,68,87
2020-06-28,24,29,63,69,74
2020-06-29,28,28,55,71,70
2020-06-30,31,33,59,68,74
2020-07-01,33,32,62,70,76
2020-07-02,34,30,57,68,95
2020-07-03,31,27,58,68,76
2020-07-04,28,27,57,61,79
2020-07-05,27,28,65,63,93
2020-07-06,33,32,64,68,91
2020-07-07,34,34,65,68,81
2020-07-08,38,44,71,71,78
2020-07-09,38,47,71,72,77
2020-07-10,34,41,63,67,75
2020-07-11,29,34,65,63,71
2020-07-12,26,28,61,65,74
2020-07-13,32,29,58,71,79
2020-07-14,31,33,61,73,75
2020-07-15,31,28,57,73,64
2020-07-16,30,35,59,75,71
2020-07-17,31,29,63,71,67
2020-07-18,27,30,61,64,69
2020-07-19,24,26,59,67,71
2020-07-20,31,34,66,73,79
2020-07-21,35,51,66,78,77
2020-07-22,44,53,71,75,72
2020-07-23,42,54,74,72,68
2020-07-24,45,51,74,69,70
2020-07-25,39,46,75,67,65
2020-07-26,35,46,78,64,54
2020-07-27,62,73,100,74,83
2020-07-28,60,63,98,77,61
2020-07-29,54,53,85,74,74
2020-07-30,53,49,75,75,65
2020-07-31,54,54,78,70,75
2020-08-01,42,49,86,65,79
2020-08-02,38,48,84,65,74
2020-08-03,50,49,81,66,72
2020-08-04,53,61,83,80,71
2020-08-05,64,86,99,85,76
2020-08-06,67,83,94,80,73
2020-08-07,66,89,86,73,73
2020-08-08,59,59,79,63,85
2020-08-09,48,67,80,68,73
2020-08-10,64,60,74,72,72
2020-08-11,75,100,76,70,80
2020-08-12,100,97,74,78,75
2020-08-13,99,75,68,79,81
2020-08-14,78,61,64,70,69
2020-08-15,60,56,76,63,82
2020-08-16,52,52,74,70,69
2020-08-17,72,58,74,74,83
2020-08-18,67,59,71,79,100
2020-08-19,59,53,63,81,65
2020-08-20,62,55,66,77,69
2020-08-21,57,45,62,72,76
2020-08-22,52,42,67,59,74
2020-08-23,45,44,64,62,77
2020-08-24,57,53,60,75,76
2020-08-25,57,47,65,86,74
2020-08-26,54,54,58,85,63
2020-08-27,57,47,56,100,86
2020-08-28,54,40,57,90,63
2020-08-29,49,36,64,72,74
2020-08-30,42,36,68,74,76
2020-08-31,49,43,63,77,69
2020-09-01,49,48,61,84,64
2020-09-02,49,52,65,83,92
2020-09-03,48,44,64,80,84
2020-09-04,50,44,59,76,68
2020-09-05,45,29,62,67,60
2020-09-06,40,37,65,70,72
2020-09-07,46,35,58,78,73
2020-09-08,44,39,56,79,74
2020-09-09,43,37,56,84,69
2020-09-10,42,40,46,84,69
2020-09-11,42,37,48,86,82
2020-09-12,38,34,57,67,73
2020-09-13,35,33,55,75,77
2020-09-14,40,34,49,84,81
2020-09-15,37,32,53,90,70
2020-09-16,38,32,53,100,64
2020-09-17,36,38,54,90,65
2020-09-18,38,36,55,87,67
2020-09-19,34,31,55,64,92
2020-09-20,30,26,54,72,71
2020-09-21,40,38,49,84,62
2020-09-22,42,40,54,84,72
2020-09-23,47,49,55,90,70
2020-09-24,51,54,52,85,67
2020-09-25,54,44,49,80,66
2020-09-26,47,41,54,66,57
2020-09-27,40,40,54,69,67
2020-09-28,48,41,46,85,63
2020-09-29,48,40,52,86,62
2020-09-30,44,35,47,84,62
2020-10-01,41,30,48,83,74
2020-10-02,41,31,49,78,62
2020-10-03,38,25,51,66,68
2020-10-04,32,25,53,69,56
2020-10-05,40,36,46,86,70
2020-10-06,41,32,47,85,55
2020-10-07,41,32,47,89,64
2020-10-08,38,31,47,88,64
2020-10-09,39,31,46,78,55
2020-10-10,36,35,53,68,72
2020-10-11,32,26,52,72,66
2020-10-12,40,32,54,82,61
2020-10-13,37,34,53,85,59
2020-10-14,37,34,47,80,76
2020-10-15,37,37,45,83,62
2020-10-16,36,25,45,76,56
2020-10-17,35,26,54,61,96
2020-10-18,33,29,50,70,57
2020-10-19,36,31,46,86,58
2020-10-20,36,37,45,82,70
2020-10-21,35,41,51,88,64
2020-10-22,35,30,48,87,58
2020-10-23,34,30,48,79,61
2020-10-24,30,31,53,59,68
2020-10-25,29,33,54,65,55
2020-10-26,37,32,50,76,57
2020-10-27,35,40,48,82,57
2020-10-28,36,42,48,80,65
2020-10-29,37,36,47,77,70
2020-10-30,34,41,50,75,57
2020-10-31,31,38,49,65,88
2020-11-01,27,25,51,65,72
2020-11-02,35,27,50,77,66
2020-11-03,34,27,48,75,59
2020-11-04,30,28,36,72,46
2020-11-05,34,30,46,72,55
2020-11-06,35,25,44,71,53
2020-11-07,33,30,51,59,60
2020-11-08,30,33,54,67,59
2020-11-09,46,50,63,84,63
2020-11-10,50,42,63,84,58
2020-11-11,49,39,61,79,66
2020-11-12,50,37,73,84,59
2020-11-13,48,38,80,79,71
2020-11-14,33,25,59,63,62
2020-11-15,30,30,58,67,77
2020-11-16,35,33,53,82,64
2020-11-17,35,36,52,85,67
2020-11-18,36,33,51,88,54
2020-11-19,38,31,51,86,55
2020-11-20,36,36,51,85,46
2020-11-21,30,23,58,67,60
2020-11-22,27,27,57,70,67
2020-11-23,35,34,58,78,57
2020-11-24,44,52,62,84,55
2020-11-25,47,46,58,85,71
2020-11-26,45,35,57,75,51
2020-11-27,45,39,66,70,52
2020-11-28,44,39,70,61,58
2020-11-29,41,36,66,64,69
2020-11-30,50,52,68,85,55
2020-12-01,55,41,61,83,62
2020-12-02,48,43,60,85,56
2020-12-03,46,37,58,83,62
2020-12-04,45,43,58,82,63
2020-12-05,39,28,62,70,54
2020-12-06,34,40,56,72,59
2020-12-07,39,39,56,90,65
2020-12-08,39,38,56,87,69
2020-12-09,38,37,50,88,59
2020-12-10,38,35,52,98,49
2020-12-11,38,43,52,88,60
2020-12-12,47,69,62,36,24
2020-12-13,38,92,65,37,22
2020-12-14,49,90,57,37,30
2020-12-15,47,65,57,33,33
2020-12-16,45,74,63,33,29
2020-12-17,46,81,59,31,26
2020-12-18,45,60,59,29,23
2020-12-19,40,52,65,24,23
2020-12-20,35,62,68,23,23
2020-12-21,51,61,57,26,23
2020-12-22,49,59,62,27,21
2020-12-23,46,46,59,25,23
2020-12-24,49,49,55,23,17
2020-12-25,43,40,63,24,16
2020-12-26,39,34,69,24,21
2020-12-27,38,47,75,22,25
2020-12-28,48,73,77,25,28
2020-12-29,46,67,78,26,33
2020-12-30,47,77,73,26,26
2020-12-31,44,67,68,24,28
2021-01-01,42,58,73,23,23
2021-01-02,44,60,78,25,33
2021-01-03,38,68,73,25,28
2021-01-04,54,72,74,29,27
2021-01-05,51,92,72,30,24
2021-01-06,51,79,70,29,24
2021-01-07,52,69,65,30,30
2021-01-08,54,89,72,30,27
2021-01-09,57,63,77,24,25
2021-01-10,48,61,81,26,24
2021-01-11,60,68,73,29,26
2021-01-12,62,74,72,34,35
2021-01-13,53,60,72,35,24
2021-01-14,49,64,68,33,29
2021-01-15,51,74,69,36,31
2021-01-16,48,60,76,29,27
2021-01-17,43,49,69,28,24
2021-01-18,52,63,65,32,27
2021-01-19,50,65,64,36,27
2021-01-20,48,64,67,34,22
2021-01-21,48,60,64,33,27
2021-01-22,49,52,57,31,24
2021-01-23,45,43,73,29,29
2021-01-24,38,47,72,29,27
2021-01-25,47,54,64,31,27
2021-01-26,40,51,63,32,24
2021-01-27,46,48,58,34,29
2021-01-28,49,55,68,33,26
2021-01-29,50,51,79,31,28
2021-01-30,42,42,80,27,23
2021-01-31,38,52,86,27,27
2021-02-01,76,72,100,32,33
2021-02-02,76,77,78,32,26
2021-02-03,68,66,70,32,24
2021-02-04,76,90,75,32,23
2021-02-05,83,83,72,35,24
2021-02-06,71,64,71,29,29
2021-02-07,59,57,71,29,26
2021-02-08,72,64,69,35,28
2021-02-09,69,67,72,36,26
2021-02-10,62,69,66,34,26
2021-02-11,64,65,63,33,28
2021-02-12,66,62,65,34,29
2021-02-13,60,51,63,27,100
2021-02-14,51,53,64,27,41
2021-02-15,60,72,67,31,31
2021-02-16,56,77,62,32,32
2021-02-17,69,83,69,45,26
2021-02-18,72,90,60,40,28
2021-02-19,78,81,72,38,27
2021-02-20,75,61,75,33,32
2021-02-21,64,61,81,40,31
2021-02-22,80,74,67,40,28
2021-02-23,69,67,58,40,25
2021-02-24,66,57,56,40,29
2021-02-25,65,63,66,43,26
2021-02-26,72,79,58,39,23
2021-02-27,68,65,78,36,36
2021-02-28,60,79,74,36,32
2021-03-01,75,76,67,38,29
2021-03-02,87,93,74,40,27
2021-03-03,85,83,73,38,28
2021-03-04,92,73,68,42,43
2021-03-05,100,100,72,44,44
2021-03-06,100,58,75,37,58
2021-03-07,83,65,74,35,75
2021-03-08,96,90,63,41,65
2021-03-09,88,93,67,38,67
2021-03-10,85,81,65,37,68
2021-03-11,77,80,57,39,65
2021-03-12,78,65,59,38,73
2021-03-13,79,51,72,31,91
2021-03-14,68,54,61,37,96
2021-03-15,69,71,59,36,62
2021-03-16,73,62,62,36,58
2021-03-17,72,78,64,39,56
2021-03-18,68,76,56,40,59
2021-03-19,69,77,56,36,53
2021-03-20,59,48,53,28,56
2021-03-21,55,75,64,31,67
2021-03-22,67,74,59,34,51
2021-03-23,61,74,56,37,43
2021-03-24,64,54,57,36,49
2021-03-25,62,52,56,34,46
2021-03-26,59,55,50,32,45
2021-03-27,54,33,61,27,54
2021-03-28,44,42,57,29,69
2021-03-29,48,50,53,31,53
2021-03-30,69,72,66,36,50
2021-03-31,71,68,58,36,41
2021-04-01,69,73,56,37,52
2021-04-02,64,66,61,29,73
2021-04-03,58,57,62,28,64
2021-04-04,56,56,64,34,51
2021-04-05,67,61,60,34,44
2021-04-06,60,63,54,35,37
2021-04-07,54,53,54,34,39
2021-04-08,57,61,59,37,38
2021-04-09,60,54,55,33,44
2021-04-10,52,39,58,28,43
2021-04-11,48,43,56,35,49
2021-04-12,60,45,56,38,39
2021-04-13,56,48,51,40,33
2021-04-14,51,33,51,36,34
2021-04-15,55,59,57,38,35
2021-04-16,55,62,58,35,35
2021-04-17,48,43,63,30,42
2021-04-18,44,52,62,32,45
2021-04-19,57,59,53,35,35
2021-04-20,52,45,53,34,33
2021-04-21,50,51,52,36,33
2021-04-22,51,53,53,35,36
2021-04-23,49,44,53,33,32
2021-04-24,42,34,58,27,37
2021-04-25,39,36,58,29,35
2021-04-26,47,40,51,34,32
2021-04-27,46,40,50,34,32
2021-04-28,47,44,55,37,33
2021-04-29,49,63,56,36,35
2021-04-30,50,56,54,36,36
2021-05-01,45,49,58,30,38
2021-05-02,38,36,58,34,37
2021-05-03,45,46,53,40,40
2021-05-04,47,60,62,41,39
2021-05-05,46,38,57,44,38
2021-05-06,46,47,59,42,34
2021-05-07,47,51,57,38,34
2021-05-08,41,48,67,35,42
2021-05-09,39,51,65,41,43
2021-05-10,47,61,60,46,39
2021-05-11,45,52,62,61,34
2021-05-12,47,46,68,100,34
2021-05-13,48,49,68,84,33
2021-05-14,52,46,90,48,35
2021-05-15,40,40,64,38,32
2021-05-16,35,44,62,41,36
2021-05-17,46,54,66,46,32
2021-05-18,42,58,60,44,33
2021-05-19,46,53,66,52,33
2021-05-20,47,54,60,42,33
2021-05-21,45,53,59,37,31
2021-05-22,38,36,60,33,35
2021-05-23,35,33,63,36,35
2021-05-24,46,52,59,42,34
2021-05-25,41,57,58,43,37
2021-05-26,45,56,55,40,34
2021-05-27,43,51,54,38,33
2021-05-28,45,49,57,40,31
2021-05-29,40,43,67,34,33
2021-05-30,36,37,62,34,36
2021-05-31,42,42,56,37,31
2021-06-01,43,45,58,39,29
2021-06-02,46,52,53,40,33
2021-06-03,48,59,58,38,31
2021-06-04,46,50,52,33,27
2021-06-05,42,22,57,29,31
2021-06-06,38,38,60,32,38
2021-06-07,43,49,51,38,33
2021-06-08,42,45,50,39,31
2021-06-09,40,38,51,43,30
2021-06-10,42,49,57,72,35
2021-06-11,66,47,28,48,79
2021-06-12,61,44,28,37,70
2021-06-13,54,39,31,34,85
2021-06-14,67,66,27,45,80
2021-06-15,67,58,27,47,77
2021-06-16,68,57,28,53,72
2021-06-17,81,88,27,45,73
2021-06-18,90,67,29,40,73
2021-06-19,85,66,30,34,78
2021-06-20,75,51,29,33,81
2021-06-21,87,76,27,37,74
2021-06-22,86,77,26,35,82
2021-06-23,73,65,27,35,74
2021-06-24,76,60,27,35,69
2021-06-25,81,52,27,38,79
2021-06-26,78,47,29,29,94
2021-06-27,62,65,29,29,87
2021-06-28,71,55,24,32,75
2021-06-29,74,53,26,32,71
2021-06-30,77,59,29,34,82
2021-07-01,82,71,27,33,63
2021-07-02,75,56,27,30,81
2021-07-03,64,54,28,28,83
2021-07-04,61,43,28,30,79
2021-07-05,70,51,26,30,73
2021-07-06,66,63,26,34,77
2021-07-07,65,52,25,32,75
2021-07-08,69,55,26,33,82
2021-07-09,68,43,26,33,68
2021-07-10,61,44,29,29,71
2021-07-11,54,38,27,27,78
2021-07-12,70,55,29,33,89
2021-07-13,70,50,27,51,93
2021-07-14,67,57,29,51,78
2021-07-15,65,53,27,41,79
2021-07-16,64,55,28,39,79
2021-07-17,58,45,28,35,78
2021-07-18,54,39,32,34,99
2021-07-19,67,50,27,36,80
2021-07-20,62,46,25,37,100
2021-07-21,58,41,27,35,98
2021-07-22,61,52,28,37,91
2021-07-23,63,68,26,32,80
2021-07-24,61,45,26,28,73
2021-07-25,58,31,27,29,74
2021-07-26,63,52,27,31,79
2021-07-27,60,54,77,34,70
2021-07-28,62,50,44,35,68
2021-07-29,65,57,100,36,71
2021-07-30,60,50,37,34,68
2021-07-31,53,34,33,28,73
2021-08-01,51,43,41,28,69
2021-08-02,61,45,31,30,77
2021-08-03,62,53,31,30,75
2021-08-04,59,47,28,31,72
2021-08-05,59,42,28,31,84
2021-08-06,63,65,31,30,81
2021-08-07,64,54,33,26,67
2021-08-08,69,74,32,27,69
2021-08-09,96,100,36,31,82
2021-08-10,100,85,31,36,78
2021-08-11,91,69,31,40,69
2021-08-12,87,66,30,40,81
2021-08-13,82,57,28,33,78
2021-08-14,76,50,31,28,80
2021-08-15,59,50,31,28,84
2021-08-16,72,43,29,32,75
2021-08-17,73,48,29,31,76
2021-08-18,71,45,30,41,86
2021-08-19,69,50,30,34,75
2021-08-20,69,49,30,31,83
2021-08-21,59,30,34,26,85
2021-08-22,51,29,31,27,89
2021-08-23,67,41,29,32,86
2021-08-24,55,52,31,33,83
2021-08-25,64,40,27,32,72
2021-08-26,63,51,27,35,76
2021-08-27,63,50,28,32,74
2021-08-28,55,50,36,28,85
2021-08-29,51,38,28,28,77
2021-08-30,63,47,31,36,81
2021-08-31,61,40,29,36,61
2021-09-01,59,51,31,35,80
2021-09-02,60,50,25,32,69
2021-09-03,61,47,27,32,69
2021-09-04,59,36,28,28,74
2021-09-05,50,45,30,30,85
2021-09-06,59,46,27,32,75
2021-09-07,58,37,25,35,67
2021-09-08,55,35,27,34,64
2021-09-09,58,36,29,37,72
2021-09-10,57,44,29,39,74
2021-09-11,55,38,27,29,78
2021-09-12,49,41,28,32,81
2021-09-13,60,45,28,46,71
2021-09-14,57,32,29,47,70
2021-09-15,57,34,27,45,67
2021-09-16,63,51,29,40,59
2021-09-17,71,56,31,37,91
2021-09-18,68,40,31,28,94
2021-09-19,59,46,32,33,85
2021-09-20,76,50,32,38,77
2021-09-21,75,52,31,37,74
2021-09-22,71,51,31,37,63
2021-09-23,70,49,29,44,69
2021-09-24,72,63,30,35,69
2021-09-25,65,41,31,29,66
2021-09-26,54,54,32,28,60
2021-09-27,64,55,28,36,58
2021-09-28,71,61,29,39,63
2021-09-29,71,59,30,40,71
2021-09-30,73,74,31,47,71
2021-10-01,71,53,33,42,72
2021-10-02,64,35,32,35,72
2021-10-03,55,35,35,36,74
2021-10-04,64,36,32,40,68
2021-10-05,61,45,34,39,71
2021-10-06,62,40,33,44,69
2021-10-07,66,39,32,41,60
2021-10-08,62,48,31,40,65
2021-10-09,56,44,34,34,77
2021-10-10,52,43,39,36,61
2021-10-11,61,46,39,43,81
2021-10-12,59,61,34,49,64
2021-10-13,60,71,33,64,72
2021-10-14,63,79,33,61,63
2021-10-15,62,57,39,47,72
2021-10-16,58,43,37,38,60
2021-10-17,53,48,37,39,63
2021-10-18,60,66,32,46,59
2021-10-19,59,67,33,48,60
2021-10-20,60,55,36,56,71
2021-10-21,61,49,36,70,83
2021-10-22,65,67,36,73,73
2021-10-23,57,57,42,46,78
2021-10-24,50,38,45,48,62
2021-10-25,63,54,51,64,74
2021-10-26,64,46,50,61,71
2021-10-27,63,54,42,56,64
2021-10-28,67,52,44,54,70
2021-10-29,66,48,44,45,61
2021-10-30,57,43,44,39,53
2021-10-31,54,40,49,37,77
2021-11-01,69,55,45,46,60
2021-11-02,91,71,53,47,66
2021-11-03,64,51,28,48,68
2021-11-04,58,65,28,51,64
2021-11-05,59,53,25,47,66
2021-11-06,54,40,30,35,69
2021-11-07,48,50,30,41,68
2021-11-08,62,58,28,47,64
2021-11-09,59,67,27,51,64
2021-11-10,60,71,28,100,64
2021-11-11,64,77,28,93,63
2021-11-12,70,63,27,68,63
2021-11-13,56,49,31,50,71
2021-11-14,49,42,30,52,56
2021-11-15,63,58,26,72,65
2021-11-16,63,58,26,72,64
2021-11-17,59,57,28,75,70
2021-11-18,58,48,27,70,69
2021-11-19,55,54,28,55,55
2021-11-20,47,38,29,42,60
2021-11-21,48,46,27,44,61
2021-11-22,59,63,26,54,65
2021-11-23,63,80,27,56,56
2021-11-24,65,70,26,59,61
2021-11-25,61,51,27,56,46
2021-11-26,66,57,30,43,54
2021-11-27,56,45,30,39,56
2021-11-28,47,36,31,40,49
2021-11-29,54,61,29,57,64
2021-11-30,59,65,29,64,76
2021-12-01,58,57,28,66,79
2021-12-02,60,56,30,54,71
2021-12-03,63,53,27,48,67
2021-12-04,57,60,32,41,65
2021-12-05,51,47,30,41,58
2021-12-06,59,53,26,53,74
2021-12-07,56,50,27,58,64
2021-12-08,54,53,31,53,73
2021-12-09,32,28,37,28,35
2021-12-10,32,27,37,50,30
2021-12-11,30,24,43,30,34
2021-12-12,26,28,43,26,31
2021-12-13,30,22,38,46,34
2021-12-14,31,27,35,44,33
2021-12-15,33,30,37,44,26
2021-12-16,33,30,37,43,30
2021-12-17,35,38,37,32,30
2021-12-18,30,21,42,21,28
2021-12-19,26,22,40,20,33
2021-12-20,34,31,40,31,31
2021-12-21,32,34,37,27,33
2021-12-22,33,34,35,24,30
2021-12-23,35,29,35,23,37
2021-12-24,35,28,39,21,23
2021-12-25,32,26,39,20,19
2021-12-26,27,31,40,18,41
2021-12-27,32,43,38,20,43
2021-12-28,33,44,38,23,37
2021-12-29,31,37,39,23,34
2021-12-30,34,39,44,22,41
2021-12-31,37,37,41,19,32
2022-01-01,33,42,40,20,38
2022-01-02,33,40,47,21,41
2022-01-03,35,38,41,30,35
2022-01-04,81,100,100,80,100
2022-01-05,28,29,33,25,28
2022-01-06,33,32,33,28,34
2022-01-07,39,31,40,32,39
2022-01-08,31,34,43,23,33
2022-01-09,29,27,41,25,39
2022-01-10,34,31,41,36,46
2022-01-11,33,30,35,36,39
2022-01-12,33,26,39,56,51
2022-01-13,64,65,80,100,83
2022-01-14,25,23,29,30,37
2022-01-15,27,28,39,23,40
2022-01-16,48,41,75,47,77
2022-01-17,25,20,30,27,35
2022-01-18,27,22,33,33,33
2022-01-19,28,33,33,41,36
2022-01-20,31,43,33,42,33
2022-01-21,32,25,36,35,41
2022-01-22,31,21,37,25,38
2022-01-23,26,21,40,28,38
2022-01-24,80,66,92,86,82
2022-01-25,29,24,32,42,48
2022-01-26,28,29,36,37,38
2022-01-27,33,29,35,39,27
2022-01-28,36,35,38,35,35
2022-01-29,33,26,42,23,35
2022-01-30,30,20,41,24,39
2022-01-31,36,33,35,34,30
2022-02-01,35,37,36,33,35
2022-02-02,37,35,35,36,34
2022-02-03,36,33,39,38,34
2022-02-04,35,33,38,32,40
2022-02-05,30,21,41,21,38
2022-02-06,28,25,41,24,37
2022-02-07,33,30,36,35,36
2022-02-08,30,22,34,36,37
2022-02-09,31,29,37,36,29
2022-02-10,29,28,32,55,31
2022-02-11,35,34,39,53,40
2022-02-12,34,32,41,32,40
2022-02-13,31,27,43,30,43
2022-02-14,43,37,42,37,43
2022-02-15,43,40,43,39,49
2022-02-16,39,35,42,43,42
2022-02-17,42,35,44,40,37
2022-02-18,43,40,45,35,38
2022-02-19,34,38,47,26,40
2022-02-20,32,29,46,27,42
2022-02-21,39,33,45,33,34
2022-02-22,47,49,43,36,36
2022-02-23,42,41,46,37,36
2022-02-24,100,63,67,39,47
2022-02-25,75,43,50,34,41
2022-02-26,54,40,51,26,38
2022-02-27,46,48,49,26,42
2022-02-28,60,41,49,36,39
2022-03-01,52,43,49,37,38
2022-03-02,60,48,48,42,37
2022-03-03,54,43,46,38,38
2022-03-04,56,37,50,38,39
2022-03-05,50,36,48,28,52
2022-03-06,48,46,50,34,41
2022-03-07,83,61,56,48,42
2022-03-08,80,50,52,43,42
2022-03-09,78,50,48,45,33
2022-03-10,65,43,47,56,38
2022-03-11,62,41,48,46,33
2022-03-12,52,30,50,35,43
2022-03-13,44,34,50,33,32
2022-03-14,56,35,45,44,36
2022-03-15,56,38,44,41,36
2022-03-16,50,27,42,44,30
2022-03-17,47,29,42,42,33
2022-03-18,41,34,44,36,39
2022-03-19,42,22,46,26,44
2022-03-20,39,22,45,29,40
2022-03-21,52,29,42,38,33
2022-03-22,47,31,43,39,39
2022-03-23,46,29,40,42,38
2022-03-24,45,31,41,38,37
2022-03-25,43,31,39,37,38
2022-03-26,40,26,44,29,35
2022-03-27,35,32,44,30,41
2022-03-28,41,37,40,39,37
2022-03-29,43,34,40,38,40
2022-03-30,42,30,43,46,37
2022-03-31,41,29,41,44,33
2022-04-01,41,28,39,43,37
2022-04-02,38,29,46,31,31
2022-04-03,36,30,44,31,32
2022-04-04,39,26,40,40,36
2022-04-05,39,30,38,40,36
2022-04-06,39,35,40,42,38
2022-04-07,40,31,40,37,37
2022-04-08,39,32,39,37,39
2022-04-09,36,26,43,29,36
2022-04-10,33,23,40,29,36
2022-04-11,43,33,39,40,39
2022-04-12,42,35,40,75,33
2022-04-13,42,34,38,61,36
2022-04-14,42,24,37,48,37
2022-04-15,39,33,41,36,34
2022-04-16,37,29,42,31,36
2022-04-17,35,25,40,30,34
2022-04-18,45,36,41,38,38
2022-04-19,39,32,39,42,33
2022-04-20,39,31,39,44,33
2022-04-21,38,25,40,45,37
2022-04-22,39,27,40,38,38
2022-04-23,36,27,42,29,36
2022-04-24,33,26,41,29,31
2022-04-25,43,34,39,40,35
2022-04-26,43,36,40,38,40
2022-04-27,40,32,40,43,36
2022-04-28,41,31,41,44,39
2022-04-29,42,27,42,39,36
2022-04-30,39,26,48,31,37
2022-05-01,36,28,47,30,89
2022-05-02,45,32,51,39,44
2022-05-03,55,34,68,39,48
2022-05-04,44,29,41,46,42
2022-05-05,43,37,36,52,40
2022-05-06,42,35,39,42,40
2022-05-07,36,27,48,34,36
2022-05-08,32,31,43,31,31
2022-05-09,41,35,39,44,34
2022-05-10,44,34,37,51,35
2022-05-11,42,40,39,83,41
2022-05-12,42,40,35,62,40
2022-05-13,46,40,35,44,40
2022-05-14,44,35,36,31,32
2022-05-15,39,35,38,30,35
2022-05-16,44,40,36,40,37
2022-05-17,43,29,36,44,34
2022-05-18,42,33,37,57,41
2022-05-19,45,36,33,48,36
2022-05-20,42,40,34,37,36
2022-05-21,40,32,34,30,32
2022-05-22,37,30,37,31,32
2022-05-23,40,32,32,40,34
2022-05-24,38,35,33,39,38
2022-05-25,39,30,31,34,38
2022-05-26,38,29,35,35,35
2022-05-27,39,28,34,34,36
2022-05-28,35,22,36,22,32
2022-05-29,30,26,36,24,34
2022-05-30,35,29,33,35,35
2022-05-31,36,25,34,41,38
2022-06-01,37,26,33,41,37
2022-06-02,36,29,33,37,34
2022-06-03,36,35,31,36,36
2022-06-04,35,24,36,29,29
2022-06-05,31,24,39,31,34
2022-06-06,36,23,34,37,38
2022-06-07,35,24,37,46,32
2022-06-08,58,41,48,51,72
2022-06-09,56,40,56,50,68
2022-06-10,60,53,57,95,68
2022-06-11,59,44,55,59,79
2022-06-12,50,47,55,45,65
2022-06-13,67,53,54,61,78
2022-06-14,67,53,58,63,70
2022-06-15,70,61,62,70,81
2022-06-16,69,60,55,66,65
2022-06-17,65,50,51,47,56
2022-06-18,57,45,54,37,62
2022-06-19,52,47,57,38,68
2022-06-20,60,56,58,43,69
2022-06-21,59,41,49,46,67
2022-06-22,58,52,51,59,69
2022-06-23,58,48,57,47,65
2022-06-24,64,47,56,38,93
2022-06-25,59,47,56,29,100
2022-06-26,52,50,58,32,81
2022-06-27,62,54,53,39,79
2022-06-28,57,72,50,45,83
2022-06-29,57,68,49,47,69
2022-06-30,57,69,52,47,81
2022-07-01,68,78,50,41,75
2022-07-02,61,73,60,30,72
2022-07-03,54,49,56,29,69
2022-07-04,61,79,52,39,60
2022-07-05,65,70,53,47,72
2022-07-06,71,82,58,46,72
2022-07-07,72,68,59,44,73
2022-07-08,67,60,55,36,67
2022-07-09,61,53,53,29,58
2022-07-10,55,45,52,30,73
2022-07-11,71,55,58,42,72
2022-07-12,71,67,53,46,68
2022-07-13,72,61,54,100,77
2022-07-14,73,72,54,71,84
2022-07-15,73,65,58,48,74
2022-07-16,72,54,59,35,71
2022-07-17,69,45,64,36,70
2022-07-18,74,66,60,41,77
2022-07-19,73,64,58,40,83
2022-07-20,69,74,51,44,77
2022-07-21,82,100,57,42,74
2022-07-22,77,56,56,34,73
2022-07-23,68,53,59,26,83
2022-07-24,60,54,56,26,69
2022-07-25,73,59,62,33,85
2022-07-26,69,52,57,39,57
2022-07-27,68,59,58,45,76
2022-07-28,76,91,59,51,74
2022-07-29,73,77,59,44,70
2022-07-30,66,51,57,31,57
2022-07-31,60,59,58,30,66
2022-08-01,67,53,59,38,71
2022-08-02,69,64,59,40,86
2022-08-03,71,49,60,43,79
2022-08-04,72,57,57,46,73
2022-08-05,70,63,53,47,68
2022-08-06,63,37,59,36,72
2022-08-07,57,37,55,56,94
2022-08-08,67,54,60,76,79
2022-08-09,59,54,56,57,82
2022-08-10,62,61,51,86,78
2022-08-11,66,66,50,53,85
2022-08-12,65,50,53,50,76
2022-08-13,59,44,56,42,79
2022-08-14,54,42,56,35,72
2022-08-15,60,65,58,48,72
2022-08-16,62,57,53,60,75
2022-08-17,66,50,52,71,73
2022-08-18,64,64,52,51,75
2022-08-19,62,58,52,42,78
2022-08-20,66,39,57,32,69
2022-08-21,64,42,63,30,71
2022-08-22,69,63,67,47,66
2022-08-23,67,59,59,44,73
2022-08-24,63,64,58,43,68
2022-08-25,64,51,59,42,61
2022-08-26,64,62,59,40,71
2022-08-27,59,44,54,29,66
2022-08-28,49,48,53,29,63
2022-08-29,63,72,57,38,66
2022-08-30,63,72,52,45,70
2022-08-31,64,51,58,42,68
2022-09-01,70,84,59,39,63
2022-09-02,68,59,57,35,68
2022-09-03,62,49,63,27,62
2022-09-04,55,56,62,29,69
2022-09-05,59,44,58,37,56
2022-09-06,57,61,54,42,66
2022-09-07,63,45,54,44,63
2022-09-08,59,49,47,42,64
2022-09-09,59,49,50,39,70
2022-09-10,57,40,58,29,55
2022-09-11,55,41,55,32,75
2022-09-12,60,52,55,50,79
2022-09-13,60,57,55,89,71
2022-09-14,61,59,53,66,76
2022-09-15,71,89,59,62,73
2022-09-16,79,81,61,45,75
2022-09-17,73,52,63,29,57
2022-09-18,65,52,63,32,58
2022-09-19,73,64,55,43,67
2022-09-20,72,52,57,50,73
2022-09-21,75,70,59,54,74
2022-09-22,77,75,57,51,85
2022-09-23,80,81,59,41,87
2022-09-24,76,58,64,32,65
2022-09-25,63,65,63,33,66
2022-09-26,82,86,61,44,68
2022-09-27,77,77,58,46,68
2022-09-28,81,86,64,47,62
2022-09-29,79,71,60,51,77
2022-09-30,74,65,63,48,73
2022-10-01,67,67,61,35,64
2022-10-02,56,60,58,33,52
2022-10-03,69,75,60,44,68
2022-10-04,71,76,56,45,55
2022-10-05,69,66,61,45,75
2022-10-06,72,70,50,44,71
2022-10-07,76,69,59,50,68
2022-10-08,66,62,62,36,64
2022-10-09,56,54,60,32,70
2022-10-10,72,63,59,45,68
2022-10-11,72,58,56,48,69
2022-10-12,71,59,60,57,70
2022-10-13,69,59,59,82,77
2022-10-14,71,56,60,56,68
2022-10-15,67,62,63,36,62
2022-10-16,58,52,62,35,59
2022-10-17,70,64,59,46,67
2022-10-18,72,66,59,48,71
2022-10-19,73,81,61,61,62
2022-10-20,69,64,55,50,72
2022-10-21,80,63,69,43,80
2022-10-22,100,71,100,31,63
2022-10-23,72,57,73,33,63
2022-10-24,56,59,61,45,79
2022-10-25,58,59,56,45,87
2022-10-26,58,49,56,46,83
2022-10-27,57,51,57,43,73
2022-10-28,57,47,54,46,77
2022-10-29,55,39,54,29,58
2022-10-30,47,46,53,29,60
2022-10-31,60,68,55,46,71
2022-11-01,61,54,59,43,68
2022-11-02,58,50,57,50,63
2022-11-03,61,48,57,53,64
2022-11-04,61,69,52,45,73
2022-11-05,53,43,53,32,58
2022-11-06,47,39,60,33,59
2022-11-07,58,49,56,45,68
2022-11-08,55,63,55,46,68
2022-11-09,56,53,50,46,59
2022-11-10,58,50,47,69,61
2022-11-11,62,46,52,47,68
2022-11-12,59,52,53,33,61
2022-11-13,49,50,57,34,58
2022-11-14,62,60,54,48,64
2022-11-15,63,53,48,50,69
2022-11-16,62,51,49,50,64
2022-11-17,58,52,49,47,65
2022-11-18,60,46,53,41,65
2022-11-19,52,39,56,28,65
2022-11-20,45,40,57,28,71
2022-11-21,57,57,57,37,70
2022-11-22,54,33,47,36,63
2022-11-23,52,49,48,35,62
2022-11-24,52,51,47,32,41
2022-11-25,49,40,60,28,54
2022-11-26,47,36,58,22,57
2022-11-27,42,48,58,25,54
2022-11-28,52,68,58,35,59
2022-11-29,54,56,58,40,62
2022-11-30,52,63,51,41,61
2022-12-01,53,73,53,40,51
2022-12-02,55,69,50,35,71
2022-12-03,50,52,60,24,65
2022-12-04,48,30,58,27,70
2022-12-05,59,55,54,38,67
2022-12-06,50,43,54,61,36
2022-12-07,51,49,56,68,29
2022-12-08,51,48,56,64,35
2022-12-09,48,44,50,56,30
2022-12-10,42,27,52,36,30
2022-12-11,41,39,62,41,30
2022-12-12,51,56,56,68,38
2022-12-13,49,35,61,87,36
2022-12-14,51,44,60,71,33
2022-12-15,54,47,58,64,34
2022-12-16,53,38,60,52,35
2022-12-17,47,40,58,36,31
2022-12-18,43,31,60,39,27
2022-12-19,54,46,59,51,35
2022-12-20,55,57,63,53,37
2022-12-21,58,52,62,50,29
2022-12-22,59,44,61,46,37
2022-12-23,59,63,64,46,27
2022-12-24,53,48,54,34,23
2022-12-25,47,44,55,33,29
2022-12-26,55,47,63,33,29
2022-12-27,55,55,61,39,37
2022-12-28,56,52,58,37,35
2022-12-29,55,52,61,39,100
2022-12-30,56,56,60,39,42
2022-12-31,48,38,57,32,39
2023-01-01,44,47,59,35,38
2023-01-02,55,55,63,44,40
2023-01-03,59,64,59,54,37
2023-01-04,62,76,59,57,31
2023-01-05,61,69,61,55,45
2023-01-06,61,57,52,52,52
2023-01-07,55,48,66,41,74
2023-01-08,48,48,63,41,56
2023-01-09,62,52,57,58,48
2023-01-10,55,52,58,62,45
2023-01-11,64,50,59,69,33
2023-01-12,59,51,54,100,39
2023-01-13,59,69,56,67,32
2023-01-14,55,52,55,40,37
2023-01-15,46,54,56,43,31
2023-01-16,63,59,59,57,33
2023-01-17,62,59,56,65,41
2023-01-18,57,55,49,65,33
2023-01-19,59,55,57,61,39
2023-01-20,64,59,58,55,31
2023-01-21,59,34,62,36,31
2023-01-22,51,41,67,40,31
2023-01-23,58,51,58,61,37
2023-01-24,62,58,57,63,39
2023-01-25,63,62,54,60,35
2023-01-26,59,63,61,57,40
2023-01-27,69,54,57,53,36
2023-01-28,61,44,61,36,38
2023-01-29,54,48,64,41,41
2023-01-30,64,56,57,59,38
2023-01-31,67,56,54,60,42
2023-02-01,76,67,60,65,38
2023-02-02,82,68,61,66,39
2023-02-03,85,93,58,54,39
2023-02-04,76,69,63,37,32
2023-02-05,64,47,58,41,37
2023-02-06,76,48,57,58,38
2023-02-07,70,42,56,65,34
2023-02-08,66,50,54,63,38
2023-02-09,64,45,56,63,34
2023-02-10,64,33,51,53,42
2023-02-11,60,30,56,37,47
2023-02-12,54,45,53,37,41
2023-02-13,63,44,56,61,46
2023-02-14,60,50,50,85,43
2023-02-15,64,51,48,72,37
2023-02-16,66,45,55,60,38
2023-02-17,64,48,58,51,38
2023-02-18,60,36,60,36,47
2023-02-19,58,42,53,39,41
2023-02-20,64,45,55,53,40
2023-02-21,62,43,47,58,45
2023-02-22,61,47,47,59,40
2023-02-23,58,48,53,54,36
2023-02-24,59,46,51,64,37
2023-02-25,61,38,55,42,39
2023-02-26,56,33,53,43,38
2023-02-27,64,46,58,56,39
2023-02-28,63,62,53,60,39
2023-03-01,61,45,49,58,34
2023-03-02,60,43,52,59,34
2023-03-03,61,48,48,49,34
2023-03-04,57,38,61,37,26
2023-03-05,53,32,58,42,36
2023-03-06,59,47,55,58,35
2023-03-07,53,44,57,63,34
2023-03-08,57,49,54,60,38
2023-03-09,62,53,53,58,38
2023-03-10,68,49,57,52,41
2023-03-11,61,43,68,36,41
2023-03-12,54,45,70,46,35
2023-03-13,75,51,77,59,39
2023-03-14,72,56,71,79,37
2023-03-15,71,58,66,69,41
2023-03-16,70,55,67,60,38
2023-03-17,73,66,70,49,39
2023-03-18,74,65,77,37,34
2023-03-19,69,64,76,42,37
2023-03-20,100,79,71,58,40
2023-03-21,87,74,68,54,39
2023-03-22,84,70,63,73,39
2023-03-23,82,100,65,65,39
2023-03-24,81,62,67,49,33
2023-03-25,72,41,67,34,40
2023-03-26,63,51,75,38,41
2023-03-27,75,61,74,54,40
2023-03-28,74,60,67,54,44
2023-03-29,69,59,66,58,38
2023-03-30,67,50,77,61,44
2023-03-31,69,40,87,59,41
2023-04-01,63,41,73,37,33
2023-04-02,56,49,80,39,39
2023-04-03,70,64,69,50,40
2023-04-04,74,63,78,50,71
2023-04-05,86,70,84,53,43
2023-04-06,83,67,84,46,40
2023-04-07,77,50,77,38,53
2023-04-08,65,44,73,32,37
2023-04-09,62,46,66,34,33
2023-04-10,71,59,70,48,44
2023-04-11,70,47,65,61,47
2023-04-12,70,61,66,83,40
2023-04-13,73,50,65,63,38
2023-04-14,72,58,70,55,47
2023-04-15,62,45,62,34,46
2023-04-16,59,38,63,36,35
2023-04-17,68,45,62,54,44
2023-04-18,63,45,61,57,43
2023-04-19,65,52,57,62,41
2023-04-20,63,49,59,56,40
2023-04-21,63,49,69,48,41
2023-04-22,72,38,100,33,45
2023-04-23,57,34,69,37,60
2023-04-24,61,50,57,53,43
2023-04-25,61,45,58,53,41
2023-04-26,65,50,59,58,45
2023-04-27,60,61,59,53,41
2023-04-28,61,52,60,52,42
2023-04-29,54,41,55,33,49
2023-04-30,48,31,61,37,41
2023-05-01,63,50,61,51,40
2023-05-02,63,46,59,55,41
2023-05-03,64,54,57,58,36
2023-05-04,72,58,54,58,38
2023-05-05,70,49,59,47,36
2023-05-06,60,33,61,30,35
2023-05-07,51,39,58,35,32
2023-05-08,67,50,58,53,38
2023-05-09,62,48,57,57,37
2023-05-10,61,43,54,73,39
2023-05-11,61,51,54,58,41
2023-05-12,62,43,56,49,46
2023-05-13,55,38,60,32,39
2023-05-14,48,33,52,36,41
2023-05-15,59,51,54,53,42
2023-05-16,59,59,53,53,38
2023-05-17,57,36,53,47,41
2023-05-18,65,43,53,45,39
2023-05-19,68,44,55,39,39
2023-05-20,63,32,54,31,37
2023-05-21,56,31,60,33,44
2023-05-22,64,41,58,45,44
2023-05-23,65,43,56,48,42
2023-05-24,61,36,52,55,43
2023-05-25,62,41,50,46,44
2023-05-26,62,39,51,46,42
2023-05-27,60,35,61,32,38
2023-05-28,53,31,54,32,41
2023-05-29,60,40,53,36,41
2023-05-30,62,40,54,45,37
2023-05-31,61,42,55,48,39
2023-06-01,65,34,51,50,42
2023-06-02,63,40,55,43,40
2023-06-03,58,30,54,30,42
2023-06-04,53,55,56,33,38
2023-06-05,59,46,42,59,39
2023-06-06,57,37,44,60,38
2023-06-07,53,39,44,63,37
2023-06-08,53,33,40,58,42
2023-06-09,52,34,46,51,37
2023-06-10,50,32,45,37,33
2023-06-11,45,30,44,41,35
2023-06-12,53,37,46,65,44
2023-06-13,52,38,45,90,42
2023-06-14,52,41,46,81,37
2023-06-15,60,52,42,68,41
2023-06-16,56,38,44,54,49
2023-06-17,53,37,47,40,51
2023-06-18,47,34,47,42,36
2023-06-19,55,39,51,56,38
2023-06-20,53,44,54,60,39
2023-06-21,56,51,49,72,38
2023-06-22,60,45,53,69,50
2023-06-23,59,52,52,56,92
2023-06-24,54,44,52,38,81
2023-06-25,48,43,48,44,64
2023-06-26,54,48,49,53,57
2023-06-27,54,45,43,59,51
2023-06-28,55,47,46,64,57
2023-06-29,55,55,47,61,48
2023-06-30,58,44,49,61,66
2023-07-01,55,41,49,41,51
2023-07-02,52,45,53,42,47
2023-07-03,60,54,50,52,43
2023-07-04,61,70,49,52,33
2023-07-05,59,53,47,52,37
2023-07-06,58,43,43,56,39
2023-07-07,59,42,44,50,44
2023-07-08,55,43,54,41,43
2023-07-09,48,37,48,41,37
2023-07-10,56,36,46,59,37
2023-07-11,56,39,49,67,48
2023-07-12,55,45,46,100,93
2023-07-13,57,54,47,81,100
2023-07-14,63,53,44,56,87
2023-07-15,52,49,50,47,69
2023-07-16,49,38,50,45,61
2023-07-17,57,47,47,56,64
2023-07-18,58,38,49,64,59
2023-07-19,57,45,44,82,53
2023-07-20,61,42,44,57,49
2023-07-21,58,41,45,45,50
2023-07-22,51,33,47,43,43
2023-07-23,51,39,46,42,54
2023-07-24,57,42,43,55,46
2023-07-25,55,42,44,54,42
2023-07-26,56,44,49,65,40
2023-07-27,54,46,44,56,36
2023-07-28,55,41,47,55,42
2023-07-29,50,33,49,41,38
2023-07-30,48,29,48,41,37
2023-07-31,55,41,49,54,40
2023-08-01,52,39,44,59,38
2023-08-02,52,37,43,49,41
2023-08-03,55,41,44,55,46
2023-08-04,57,46,46,46,38
2023-08-05,49,39,47,36,35
2023-08-06,46,33,51,38,36
2023-08-07,53,36,52,49,41
2023-08-08,52,36,45,54,38
2023-08-09,55,36,50,62,39
2023-08-10,58,42,43,81,40
2023-08-11,57,35,48,60,39
2023-08-12,50,28,49,43,33
2023-08-13,46,26,53,43,33
2023-08-14,58,48,51,63,40
2023-08-15,50,43,45,70,32
2023-08-16,55,69,44,75,40
2023-08-17,58,87,44,64,37
2023-08-18,60,83,48,52,37
2023-08-19,53,59,48,40,37
2023-08-20,49,35,48,44,35
2023-08-21,56,40,46,49,39
2023-08-22,55,35,49,53,40
2023-08-23,53,38,46,56,35
2023-08-24,54,31,44,52,32
2023-08-25,52,35,46,53,34
2023-08-26,49,30,51,41,33
2023-08-27,48,33,50,42,44
2023-08-28,51,35,50,53,38
2023-08-29,51,39,50,62,41
2023-08-30,52,45,49,64,33
2023-08-31,51,40,43,70,37
2023-09-01,55,39,50,60,36
2023-09-02,47,29,49,43,29
2023-09-03,43,38,46,44,30
2023-09-04,49,35,49,51,29
2023-09-05,49,31,41,63,33
2023-09-06,50,40,43,66,32
2023-09-07,51,43,42,67,32
2023-09-08,55,37,47,54,35
2023-09-09,56,34,55,46,29
2023-09-10,48,32,51,45,33
2023-09-11,56,37,56,64,28
2023-09-12,55,36,54,73,31
2023-09-13,58,29,54,91,35
2023-09-14,55,36,52,79,27
2023-09-15,57,42,55,66,38
2023-09-16,52,33,49,44,27
2023-09-17,45,28,48,46,34
2023-09-18,52,38,48,78,37
2023-09-19,50,36,43,73,32
2023-09-20,52,37,44,83,35
2023-09-21,53,33,43,74,36
2023-09-22,51,40,49,61,37
2023-09-23,49,35,50,49,37
2023-09-24,43,32,53,45,31
2023-09-25,52,38,49,64,31
2023-09-26,52,37,52,66,35
2023-09-27,53,51,49,66,35
2023-09-28,63,72,62,68,35
2023-09-29,66,66,64,64,31
2023-09-30,64,41,61,41,33
2023-10-01,62,42,56,46,42
2023-10-02,72,75,56,69,41
2023-10-03,81,85,57,66,30
2023-10-04,87,69,54,64,36
2023-10-05,88,57,55,63,32
2023-10-06,87,55,51,60,33
2023-10-07,90,51,47,40,31
2023-10-08,75,40,57,42,28
2023-10-09,91,52,53,62,39
2023-10-10,84,35,51,63,35
2023-10-11,76,39,48,69,37
2023-10-12,79,40,44,81,35
2023-10-13,79,50,51,67,32
2023-10-14,69,38,53,45,31
2023-10-15,67,35,55,45,30
2023-10-16,82,43,48,64,34
2023-10-17,71,41,47,73,38
2023-10-18,72,40,43,73,34
2023-10-19,68,55,49,66,38
2023-10-20,74,48,51,59,31
2023-10-21,61,42,55,39,31
2023-10-22,55,40,53,41,34
2023-10-23,66,43,52,61,36
2023-10-24,63,37,51,63,38
2023-10-25,65,46,47,71,36
2023-10-26,66,46,48,69,30
2023-10-27,65,41,49,66,29
2023-10-28,63,43,47,39,27
2023-10-29,52,31,45,40,33
2023-10-30,68,47,44,66,34
2023-10-31,65,58,48,71,34
2023-11-01,66,42,49,63,32
2023-11-02,63,39,48,66,42
2023-11-03,62,40,51,54,80
2023-11-04,57,32,52,40,94
2023-11-05,50,43,53,41,47
2023-11-06,62,39,50,67,37
2023-11-07,59,34,52,66,44
2023-11-08,65,38,55,67,41
2023-11-09,70,56,62,65,37
2023-11-10,100,73,100,57,41
2023-11-11,65,35,66,38,37
2023-11-12,47,28,55,41,33
2023-11-13,58,40,52,69,38
2023-11-14,56,47,51,99,36
2023-11-15,54,55,48,95,33
2023-11-16,54,58,48,70,33
2023-11-17,55,48,52,60,39
2023-11-18,52,35,50,42,34
2023-11-19,41,38,52,42,32
2023-11-20,52,43,51,66,38
2023-11-21,56,47,49,69,32
2023-11-22,54,36,48,60,28
2023-11-23,49,35,41,56,26
2023-11-24,54,41,54,45,28
2023-11-25,49,36,54,39,27
2023-11-26,42,27,49,41,90
2023-11-27,56,79,52,64,37
2023-11-28,58,100,49,68,35
2023-11-29,64,85,50,73,34
2023-11-30,62,82,51,75,32
2023-12-01,64,77,53,63,32
2023-12-02,61,82,58,46,27
2023-12-03,58,52,59,37,55
2023-12-04,86,78,63,59,57
2023-12-05,76,80,60,59,67
2023-12-06,70,49,58,58,65
2023-12-07,62,44,54,58,58
2023-12-08,64,48,58,59,74
2023-12-09,60,35,62,39,67
2023-12-10,54,38,64,41,67
2023-12-11,65,54,58,57,66
2023-12-12,64,50,54,75,64
2023-12-13,64,56,55,66,60
2023-12-14,64,59,52,62,58
2023-12-15,62,51,60,52,54
2023-12-16,59,55,68,38,56
2023-12-17,52,55,70,37,48
2023-12-18,61,49,69,48,57
2023-12-19,61,52,66,52,66
2023-12-20,61,50,63,62,59
2023-12-21,62,53,63,48,58
2023-12-22,60,50,65,41,51
2023-12-23,53,34,57,34,47
2023-12-24,52,51,56,33,42
2023-12-25,56,68,55,35,34
2023-12-26,70,80,62,35,51
2023-12-27,62,66,59,36,57
2023-12-28,68,62,65,36,67
2023-12-29,67,73,64,36,63
2023-12-30,55,57,63,37,65
2023-12-31,51,57,57,31,63
2024-01-01,57,70,56,34,65
2024-01-02,63,65,61,45,73
2024-01-03,63,48,55,48,68
2024-01-04,62,59,56,50,69
2024-01-05,61,52,60,48,67
2024-01-06,55,52,59,36,62
2024-01-07,46,55,64,38,57
2024-01-08,56,70,58,52,59
2024-01-09,56,61,46,54,66
2024-01-10,55,45,50,60,58
2024-01-11,57,45,54,75,64
2024-01-12,56,48,50,58,60
2024-01-13,47,43,57,35,55
2024-01-14,42,41,60,36,56
2024-01-15,50,52,48,50,58
2024-01-16,50,52,51,59,63
2024-01-17,53,54,50,63,57
2024-01-18,53,47,45,53,61
2024-01-19,52,52,47,46,56
2024-01-20,48,38,53,34,59
2024-01-21,43,50,52,58,53
2024-01-22,45,50,44,62,60
2024-01-23,50,46,41,61,59
2024-01-24,51,52,44,55,56
2024-01-25,48,41,51,56,61
2024-01-26,40,41,50,50,74
2024-01-27,39,42,49,37,68
2024-01-28,35,39,52,39,65
2024-01-29,38,41,47,55,52
2024-01-30,37,32,49,56,73
2024-01-31,39,39,50,64,61
2024-02-01,39,31,46,63,59
2024-02-02,41,33,54,52,57
2024-02-03,38,34,57,41,59
2024-02-04,37,39,58,41,69
2024-02-05,41,37,54,56,67
2024-02-06,40,49,51,60,57
2024-02-07,39,33,50,59,62
2024-02-08,38,28,51,53,68
2024-02-09,38,37,49,48,56
2024-02-10,37,36,55,36,59
2024-02-11,35,33,64,37,68
2024-02-12,40,38,63,60,54
2024-02-13,44,40,64,100,78
2024-02-14,43,51,59,81,69
2024-02-15,45,52,63,66,68
2024-02-16,43,45,60,63,63
2024-02-17,37,32,54,47,64
2024-02-18,35,32,62,48,69
2024-02-19,39,34,53,63,79
2024-02-20,39,30,50,71,65
2024-02-21,38,29,48,67,71
2024-02-22,37,34,50,67,57
2024-02-23,36,41,48,58,62
2024-02-24,36,21,54,45,69
2024-02-25,33,32,53,46,67
2024-02-26,37,29,46,66,58
2024-02-27,37,35,45,64,69
2024-02-28,35,31,45,69,61
2024-02-29,37,35,47,72,60
2024-03-01,40,42,51,61,68
2024-03-02,41,44,58,38,55
2024-03-03,36,47,53,42,59
2024-03-04,46,52,51,59,62
2024-03-05,57,56,55,62,53
2024-03-06,53,53,55,65,50
2024-03-07,55,61,50,60,63
2024-03-08,54,58,53,65,57
2024-03-09,50,42,58,38,52
2024-03-10,44,34,54,38,54
2024-03-11,55,42,47,62,50
2024-03-12,51,47,50,93,57
2024-03-13,49,49,49,71,63
2024-03-14,46,37,45,64,62
2024-03-15,47,51,52,52,63
2024-03-16,41,35,56,37,51
2024-03-17,40,38,53,42,60
2024-03-18,46,36,47,58,61
2024-03-19,45,37,49,66,62
2024-03-20,46,52,46,71,57
2024-03-21,56,62,51,58,51
2024-03-22,49,41,45,46,59
2024-03-23,44,37,54,34,70
2024-03-24,38,39,53,38,58
2024-03-25,40,49,50,53,52
2024-03-26,46,48,42,51,90
2024-03-27,46,33,52,56,82
2024-03-28,52,53,49,51,100
2024-03-29,57,52,53,47,70
2024-03-30,61,52,54,35,57
2024-03-31,50,44,52,37,50
2024-04-01,72,65,59,49,66
2024-04-02,67,70,59,58,66
2024-04-03,68,75,50,57,69
2024-04-04,71,67,60,53,54
2024-04-05,73,85,60,51,70
2024-04-06,68,69,67,36,61
2024-04-07,57,58,58,37,59
2024-04-08,78,75,58,52,60
2024-04-09,74,60,62,62,56
2024-04-10,75,66,71,100,56
2024-04-11,73,62,70,78,56
2024-04-12,100,78,99,63,64
2024-04-13,85,57,82,40,58
2024-04-14,80,61,82,42,68
2024-04-15,90,63,63,61,67
2024-04-16,81,47,63,62,56
2024-04-17,72,64,60,67,71
2024-04-18,74,47,59,63,60
2024-04-19,82,64,53,51,72
2024-04-20,66,51,57,37,53
2024-04-21,60,49,62,38,48
2024-04-22,79,69,56,56,59
2024-04-23,82,59,60,51,56
2024-04-24,84,71,51,59,58
2024-04-25,77,100,52,62,56
2024-04-26,71,60,49,58,56
2024-04-27,64,43,61,39,50
2024-04-28,56,48,59,42,55
2024-04-29,64,56,51,58,66
2024-04-30,65,56,57,58,69
2024-05-01,70,68,55,58,63
2024-05-02,68,61,52,54,52
2024-05-03,66,58,57,46,53
2024-05-04,63,45,56,37,47
2024-05-05,56,37,55,39,48
2024-05-06,69,55,57,50,58
2024-05-07,60,51,52,54,56
2024-05-08,58,46,53,50,52
2024-05-09,62,45,65,53,69
2024-05-10,84,60,100,52,65
2024-05-11,55,49,58,37,45
2024-05-12,47,50,54,37,54
2024-05-13,53,45,50,56,50
2024-05-14,54,37,51,70,54
2024-05-15,55,47,51,83,59
2024-05-16,58,42,50,66,52
2024-05-17,59,43,53,52,54
2024-05-18,55,67,56,39,46
2024-05-19,47,48,54,41,50
2024-05-20,65,73,53,56,56
2024-05-21,62,52,50,59,57
2024-05-22,57,45,56,69,58
2024-05-23,62,68,53,53,60
2024-05-24,61,63,52,39,49
2024-05-25,53,44,53,37,56
2024-05-26,49,37,53,37,57
2024-05-27,54,55,55,42,41
2024-05-28,54,47,52,52,59
2024-05-29,52,45,51,57,58
2024-05-30,51,74,53,52,90
2024-05-31,53,55,52,54,73
2024-06-01,43,29,46,38,66
2024-06-02,41,26,46,42,59
2024-06-03,50,23,46,51,62
2024-06-04,55,19,36,50,61
2024-06-05,48,23,41,54,68
2024-06-06,46,23,40,53,56
2024-06-07,49,26,39,45,52
2024-06-08,49,29,48,39,51
2024-06-09,44,24,43,40,57
2024-06-10,53,45,46,50,55
2024-06-11,48,25,43,58,61
2024-06-12,45,22,41,76,53
2024-06-13,47,23,39,58,56
2024-06-14,43,25,40,45,58
2024-06-15,38,11,44,39,50
2024-06-16,35,16,42,37,54
2024-06-17,39,22,42,43,53
2024-06-18,43,19,45,48,57
2024-06-19,40,23,42,56,59
2024-06-20,39,21,39,43,55
2024-06-21,41,25,41,41,50
2024-06-22,37,25,46,38,100
2024-06-23,36,27,47,38,86
2024-06-24,41,52,43,43,69
2024-06-25,38,100,41,46,71
2024-06-26,38,29,39,52,65
2024-06-27,39,31,40,48,61
2024-06-28,39,28,38,66,78
2024-06-29,35,20,40,40,60
2024-06-30,32,29,41,37,67
2024-07-01,38,29,41,44,66
2024-07-02,36,26,38,46,67
2024-07-03,39,30,42,47,78
2024-07-04,37,23,40,41,76
2024-07-05,37,31,41,36,70
2024-07-06,35,27,41,36,75
2024-07-07,33,25,48,35,76
2024-07-08,40,29,41,47,66
2024-07-09,40,25,41,49,55
2024-07-10,38,26,41,51,58
2024-07-11,41,27,46,76,60
2024-07-12,38,27,45,53,61
2024-07-13,37,19,44,36,54
2024-07-14,34,21,44,37,53
2024-07-15,41,23,39,44,50
2024-07-16,47,41,46,53,54
2024-07-17,50,36,44,55,63
2024-07-18,47,24,42,45,59
2024-07-19,44,34,45,47,59
2024-07-20,40,38,49,39,70
2024-07-21,38,37,44,42,73
2024-07-22,45,39,44,42,73
2024-07-23,93,37,51,50,74
2024-07-24,100,32,54,49,71
2024-07-25,100,40,57,52,59
2024-07-26,97,35,55,50,60
2024-07-27,94,30,63,38,56
2024-07-28,79,25,62,39,54
2024-07-29,91,40,55,47,53
2024-07-30,79,34,52,50,53
2024-07-31,71,63,51,61,54
2024-08-01,71,48,51,49,52
2024-08-02,72,39,57,42,58
2024-08-03,64,29,62,36,75
2024-08-04,53,24,56,38,58
2024-08-05,82,41,59,46,60
2024-08-06,64,27,55,48,62
2024-08-07,61,36,52,42,58
2024-08-08,61,27,53,46,58
2024-08-09,62,40,50,39,56
2024-08-10,52,23,53,37,57
2024-08-11,50,34,58,41,64
2024-08-12,57,32,51,55,65
2024-08-13,55,33,48,64,61
2024-08-14,55,28,43,89,63
2024-08-15,51,24,44,67,66
2024-08-16,58,31,49,57,59
2024-08-17,53,30,54,44,58
2024-08-18,48,28,55,41,61
2024-08-19,53,24,52,46,68
2024-08-20,62,35,54,58,66
2024-08-21,57,45,54,51,69
2024-08-22,55,35,45,49,64
2024-08-23,53,58,49,46,49
2024-08-24,45,22,47,37,55
2024-08-25,43,22,50,40,53
2024-08-26,46,27,48,46,61
2024-08-27,45,31,49,51,62
2024-08-28,45,30,42,48,58
2024-08-29,45,33,47,53,58
2024-08-30,44,21,43,58,64
2024-08-31,39,20,46,37,54
2024-09-01,38,24,47,39,52
2024-09-02,42,25,49,42,55
2024-09-03,44,26,48,49,48
2024-09-04,42,34,44,52,53
2024-09-05,42,23,39,52,55
2024-09-06,44,23,40,41,60
2024-09-07,41,27,47,37,49
2024-09-08,39,20,49,39,51
2024-09-09,41,28,41,52,58
2024-09-10,41,24,41,53,58
2024-09-11,41,33,38,100,52
2024-09-12,43,33,41,74,54
2024-09-13,52,39,45,59,63
2024-09-14,42,38,49,42,68
2024-09-15,38,30,48,42,54
2024-09-16,49,26,49,58,50
2024-09-17,44,25,46,61,61
2024-09-18,49,35,46,65,60
2024-09-19,50,28,42,59,68
2024-09-20,54,28,43,50,60
2024-09-21,48,30,53,40,47
2024-09-22,43,25,48,41,53
2024-09-23,54,37,50,53,55
2024-09-24,57,43,50,54,58
2024-09-25,59,45,54,54,54
2024-09-26,60,48,49,53,53
2024-09-27,60,70,44,52,57
2024-09-28,50,40,48,38,58
2024-09-29,43,42,46,37,50
2024-09-30,54,38,50,54,55
2024-10-01,59,30,42,52,52
2024-10-02,53,33,49,55,50
2024-10-03,57,27,49,49,50
2024-10-04,58,32,50,49,46
2024-10-05,48,22,50,37,45
2024-10-06,45,26,54,37,48
2024-10-07,55,28,51,46,58
2024-10-08,50,38,49,51,56
2024-10-09,51,39,43,52,57
2024-10-10,49,29,42,65,47
2024-10-11,51,26,49,50,54
2024-10-12,46,31,49,38,42
2024-10-13,42,30,48,41,57
2024-10-14,52,26,49,49,51
2024-10-15,46,25,45,65,50
2024-10-16,51,30,50,63,58
2024-10-17,54,32,49,57,54
2024-10-18,69,44,53,48,52
2024-10-19,61,33,57,42,50
2024-10-20,51,22,57,40,48
2024-10-21,67,51,60,51,59
2024-10-22,70,55,62,55,55
2024-10-23,68,40,57,56,56
2024-10-24,69,33,61,52,53
2024-10-25,65,26,58,48,49
2024-10-26,57,23,57,38,46
2024-10-27,54,28,58,40,53
2024-10-28,70,26,64,58,48
2024-10-29,97,43,100,54,69
2024-10-30,81,49,62,64,58
2024-10-31,61,39,58,63,62
2024-11-01,61,36,55,48,57
2024-11-02,57,23,57,40,58
2024-11-03,49,27,55,40,51
2024-11-04,63,33,53,63,51
2024-11-05,58,28,46,64,50
2024-11-06,76,39,48,87,49
2024-11-07,84,41,53,86,57
2024-11-08,75,39,55,72,50
2024-11-09,62,29,55,51,58
2024-11-10,54,31,57,47,48
2024-11-11,68,45,53,61,55
2024-11-12,78,54,58,77,55
2024-11-13,80,50,49,78,55
2024-11-14,84,52,56,67,49
2024-11-15,79,52,53,55,48
2024-11-16,72,34,51,39,50
2024-11-17,65,32,56,42,45
2024-11-18,84,33,58,58,49
2024-11-19,73,35,54,61,50
2024-11-20,67,29,50,68,57
2024-11-21,64,35,54,56,57
2024-11-22,62,39,55,49,55
2024-11-23,51,26,51,37,55
2024-11-24,47,29,55,41,59
2024-11-25,67,28,51,50,60
2024-11-26,65,35,53,54,59
2024-11-27,60,32,47,57,59
2024-11-28,53,26,46,49,37
2024-11-29,99,65,92,56,65
2024-11-30,90,51,96,52,67
2024-12-01,81,55,97,54,71
2024-12-02,100,78,87,61,77
2024-12-03,91,58,89,70,87
2024-12-04,94,76,89,69,89
2024-12-05,89,76,79,68,70
2024-12-06,86,80,74,62,70
2024-12-07,84,59,86,50,59
2024-12-08,73,58,100,54,60
2024-12-09,90,76,85,70,75
2024-12-10,86,68,83,80,83
2024-12-11,86,63,86,100,70
2024-12-12,90,66,83,90,81
2024-12-13,86,74,83,67,88
2024-12-14,76,61,97,50,63
2024-12-15,70,58,83,50,69
2024-12-16,86,90,87,65,85
2024-12-17,85,80,90,71,100
2024-12-18,85,100,83,72,75
2024-12-19,98,80,89,64,72
2024-12-20,96,66,79,62,74
2024-12-21,82,55,86,50,80
2024-12-22,73,53,88,48,82
2024-12-23,92,73,80,53,84
2024-12-24,91,62,81,51,75
2024-12-25,82,59,80,53,61
2024-12-26,83,76,86,47,72
2024-12-27,87,60,85,46,72
2024-12-28,73,67,93,48,71
2024-12-29,68,50,87,47,78
2024-12-30,90,77,94,49,71
2024-12-31,84,69,86,51,78
